"taxon_code","gbif_accepted_taxon_id","gbif_accepted_scientific_name","Forma_2015","FormaPBDY_2018"
"ABARJU-Abarema jupunba",11784337,"Jupunba trapezifolia","TC","T"
"ABARLA-Abarema laeta",11798059,"Jupunba laeta","TU","U"
"ABUTGL-Abuta sp. GL",7268654,"Abuta","CW",""
"ABUTGR-Abuta grandifolia",3830518,"Abuta grandifolia","SL","S"
"ABUTRU-Abuta rufescens",3830210,"Abuta rufescens","CW",""
"ABUT_D-Abuta sp. D",7268654,"Abuta","CW",""
"ABUT_E-Abuta sp. E",7268654,"Abuta","CW",""
"ACACTE-Acacia tenuifolia",2979126,"Senegalia tenuifolia","CW",""
"ACALCU-Acalypha cuneata",3056769,"Acalypha cuneata","SL","S"
"ACANAN-Acanthosyris annonagustata",3789565,"Acanthosyris annonagustata","TM","M"
"ACIDNI-Acidoton nicaraguensis",9349506,"Gitara nicaraguensis","SL","S"
"ADELSC-Adelobotrys scandens",3860497,"Adelobotrys scandens","C?",""
"ADEL_B-Adelobotrys sp. B",3860441,"Adelobotrys","CW",""
"ADENPU-Adenocalymma 'purpurascens'",10767005,"Adenocalymma","CW",""
"AECHAM-Aechmea 'amazonica'",2698292,"Aechmea chantinii","EH",""
"AEGICO-AEGIVI-Aegiphila cordifolia",8168968,"Aegiphila cordata","SL","S"
"AEGIHA-Aegiphila haughtii",3890246,"Aegiphila ulei","TU","U"
"AEGIME-Aegiphila 'memboscu'",9156446,"Aegiphila","SL","S"
"AGONGO-AGONSI-Agonandra 'gordito'",3658855,"Agonandra silvatica","TC","T"
"AGONSI-AGONPE-Agonandra silvatica",3658897,"Agonandra peruviana","TM","M"
"AGONTR-SCHPLU-Agonandra 'trespromin'",3685474,"Schoepfia lucida","TM","M"
"AIPHUL-Aiphanes ulei",2738687,"Aiphanes ulei","SL","S"
"ALC1TR-Alchornea triplinervia",3055511,"Alchornea triplinervia","TE","E"
"ALC2FL-Alchorneopsis floribunda",3055091,"Alchorneopsis floribunda","TC","T"
"ALIBNU-AGOUCU-Alibertia 'nuevadoris'",2898485,"Agouticarpa curviflora","SL","S"
"ALLOAR-ALLOAM-Allophylus 'arcorden'",7265045,"Allophylus amazonicus","TM","M"
"ALLOGL-Allophylus 'glabra'",3189992,"Allophylus","TM","M"
"ALLOPI-Allophylus pilosus",5577089,"Allophylus pilosus","TU","U"
"ALLOSC-Allophylus 'scabrid'",7264975,"Allophylus divaricatus","TM","M"
"ALSECO-Alseis 'comun'",5334883,"Alseis lugonis","TC","T"
"AMPEED-Ampelocera edentula",4160141,"Ampelocera edentula","TM","T"
"AMPELO-Ampelocera longissima",4160051,"Ampelocera longissima","TM","M"
"AMPHPA-Amphilophium paniculatum",3172589,"Amphilophium paniculatum","CW",""
"AMPH_A-Amphilophium sp. A",3172588,"Amphilophium","CW",""
"ANAXBR-Anaxagorea brevipes",3156884,"Anaxagorea brevipes","TU","U"
"ANEMCH-Anemopaegma chrysoleucum",3172463,"Anemopaegma","CW",""
"ANIBGU-Aniba guianensis",3034090,"Aniba guianensis","TC","T"
"ANIBHO-Aniba hostmanniana",4181158,"Aniba hostmanniana","TM","M"
"ANIBRI-Aniba riparia",4180474,"Aniba riparia","TM","M"
"ANNOAM-Annona ambotay",5407112,"Annona ambotay","TM","M"
"ANNOFL-ROLLFL-Rollinia 'flacaglabra'",3155252,"Annona","SL","S"
"ANNOMO-Annona 'mosaic'",3155252,"Annona","TC","T"
"ANT1_O-Anthodon sp. O",5579479,"Anthodon decussatum","CW",""
"ANTHAM-Anthodiscus amazonicus",5592414,"Anthodiscus amazonicus","TC","T"
"ANTHBO-Anthurium bonplandii",2872628,"Anthurium bonplandii","XT",""
"ANTHGR-Anthurium griseum",8023409,"Anthurium griseum","EH",""
"ANTHSI-Anthurium sinuatum",2872356,"Anthurium sinuatum","EH",""
"ANTH_D-Anthurium sp. D",2872218,"Anthurium","",""
"ANTH_H-Anthurium sp. H",2872218,"Anthurium","EH",""
"ANTH_J-Anthurium sp. J ('palmata')",2872218,"Anthurium","EH",""
"APARCO-Aparisthmium cordatum",3072468,"Aparisthmium cordatum","TM","M"
"APEIME-Apeiba menbranacea",4260481,"Apeiba membranacea","TC","T"
"APEITI-Apeiba tibourbou",3152052,"Apeiba tibourbou","TC","T"
"APO_AD-Apocynaceae sp. AD",6701,"Apocynaceae","CW",""
"APO_AQ-Apocynaceae sp. AQ",7311668,"Tassadia","CW",""
"APO_OF-Apocynaceae sp. OF",7316765,"Allomarkgrafia","CW",""
"APO_Z-Apocynaceae sp. Z",6701,"Apocynaceae","CW",""
"APTATU-Aptandra tubicina",3685770,"Aptandra tubicina","TC","T"
"APULLE-Apuleia leiocarpa",5353578,"Apuleia leiocarpa","TC","T"
"ARA_AC-Araceae sp. AC",6979,"Araceae","-",""
"ARA_PIN-Araceae spp. (partes indet. a sp.)",6979,"Araceae","-",""
"ARDISE-Ardisia 'semibulada'",3169458,"Ardisia","SL","S"
"ARIS_A-Aristolochia sp. A",2873978,"Aristolochia","CW",""
"ARIS_H-Aristolochia sp. H",2873978,"Aristolochia","CW",""
"ARIS_K-Aristolochia sp. K",2873978,"Aristolochia","CW",""
"ARIS_L-Aristolochia sp. L",2873978,"Aristolochia","CW",""
"ARIS_M-Aristolochia sp. M",2873978,"Aristolochia","CW",""
"ARRA_A-Arrabidaea sp. A",3233562,"Fridericia","CW",""
"ARRA_B-Arrabidaea sp. B",3233562,"","CW",""
"ASCL_A-Asclepiadaceae sp. A (2)",3170354,"","CW",""
"ASPIBL-Aspidosperma 'blancimpreso'",7316607,"Aspidosperma","TC","T"
"ASPIDA-Aspidosperma darienense",10398357,"Aspidosperma darienense","TC","T"
"ASPIGR-ASPIME-Aspidosperma 'grandis'",7316950,"Aspidosperma megalocarpon","TC","T"
"ASPIRI-Aspidosperma rigidum",3616924,"Aspidosperma rigidum","TC","T"
"ASPLVA-Asplundia vaupesiana",2861069,"Asplundia vaupesiana","HV",""
"ASPL_A-Asplundia sp. A",2860937,"Asplundia","HV",""
"ASPL_B-Asplundia sp. B",2860937,"Asplundia","HV",""
"ASPL_J-Asplundia sp. J",5327022,"Ludovia integrifolia","HV",""
"ASPL_L-Asplundia sp. L",2860937,"Asplundia","HV",""
"ASPL_N-Asplundia sp. N",2860937,"Asplundia","HV",""
"ASPL_S-Asplundia sp. S",2860937,"Asplundia","HV",""
"AST1CH-ASTCCH-Astrocaryum chambira",2738064,"Astrocaryum chambira","TC","T"
"AST1MU-ASTCMU-Astrocaryum murumuru",2738111,"Astrocaryum urostachys","TM","M"
"AST2CO-ASTRGR-Astronium 'comun'",7321588,"Astronium graveolens","TC","T"
"AST_B-Asteraceae sp. B",7722389,"Mikania","CW",""
"AST_C-Asteraceae sp. C",3065,"Asteraceae","CW",""
"AST_D-Asteraceae sp. D",3065,"Asteraceae","CW",""
"AST_G-Asteraceae sp. G",3065,"Asteraceae","CW",""
"AST_H-Asteraceae sp. H",3065,"Asteraceae","CW",""
"AST_Q-Asteraceae sp. Q",3065,"Asteraceae","CW",""
"AST_R-Asteraceae sp. R",3065,"Asteraceae","CW",""
"AST_S-Asteraceae sp. S",3065,"Asteraceae","CW",""
"ATTAIN-Attalea insignis cf.",2732824,"Attalea insignis","SS",""
"ATTAMA-Attalea maripa",2732686,"Attalea maripa","TC","T"
"Abarema",2977807,"Abarema","",""
"Abuta",7268654,"Abuta","",""
"Acacia",2978223,"Acacia","",""
"Acalypha",3055964,"Acalypha","",""
"Acanthaceae",2393,"Acanthaceae","",""
"Acanthosyris",7265275,"Acanthosyris","",""
"Achariaceae",3231308,"Achariaceae","",""
"Acidoton",5380354,"Acidoton","",""
"Adelobotrys",3860441,"Adelobotrys","",""
"Adenocalymma",10767005,"Adenocalymma","",""
"Aechmea",2697812,"Aechmea","",""
"Aegiphila",9156446,"Aegiphila","",""
"Agonandra",8219051,"Agonandra","",""
"Agouticarpa",2898476,"Agouticarpa","",""
"Aiphanes",2738638,"Aiphanes","",""
"Albizia",2972897,"Albizia","",""
"Albizia niopoides",2973046,"Albizia niopoides","",""
"Alchornea",3055345,"Alchornea","",""
"Alchorneopsis",7410955,"Alchorneopsis","",""
"Alibertia",2896652,"Alibertia","",""
"Allomarkgrafia",7316765,"Allomarkgrafia","",""
"Allophylus",3189992,"Allophylus","",""
"Alseis",2894134,"Alseis","",""
"Ampelocera",7303603,"Ampelocera","",""
"Amphilophium",3172588,"Amphilophium","",""
"Anacardiaceae",2398,"Anacardiaceae","",""
"Anaxagorea",8275519,"Anaxagorea","",""
"Anemopaegma",3172463,"Anemopaegma","",""
"Aniba",3034086,"Aniba","",""
"Annona",3155252,"Annona","",""
"Annonaceae",9291,"Annonaceae","",""
"Anthodiscus",3231310,"Anthodiscus","",""
"Anthodon",3231386,"Anthodon","",""
"Anthurium",2872218,"Anthurium","",""
"Aparisthmium",3072467,"Aparisthmium","",""
"Apeiba",3152049,"Apeiba","",""
"Apiaceae",6720,"Apiaceae","",""
"Apocynaceae",6701,"Apocynaceae","",""
"Aptandra",7326472,"Aptandra","",""
"Aptandraceae",4924613,"Aptandraceae","",""
"Apuleia",2955914,"Apuleia","",""
"Araceae",6979,"Araceae","",""
"Araliaceae",8800,"Araliaceae","",""
"Ardisia",3169458,"Ardisia","",""
"Arecaceae",7681,"Arecaceae","",""
"Aristolochia",2873978,"Aristolochia","",""
"Aristolochiaceae",3066,"Aristolochiaceae","",""
"Arrabidaea",3233562,"Fridericia","",""
"Asclepiadaceae",6700,"Asclepiadaceae","",""
"Aspidosperma",7316607,"Aspidosperma","",""
"Asplundia",2860937,"Asplundia","",""
"Asteraceae",3065,"Asteraceae","",""
"Astrocaryum",2738048,"Astrocaryum","",""
"Astronium",7321564,"Astronium","",""
"Attalea",2732664,"Attalea","",""
"BACTCO-Bactris corossilla",2733242,"Bactris corossilla","SL","S"
"BACTMA-Bactris maraja",2732946,"Bactris maraja","SL","S"
"BACTSI-Bactris simplicifrons",2733215,"Bactris simplicifrons","SL","S"
"BANIER-Banisteriopsis erianthera",3983714,"Diplopterys erianthera","CW",""
"BANILU-Banisteriopsis lucida cf.",3191472,"Securidaca","CW",""
"BANI_A-Banisteriopsis sp. A",7618041,"Banisteriopsis","CW",""
"BANI_B-Banisteriopsis sp. B",7618041,"Banisteriopsis","CW",""
"BANI_J-Banisteriopsis sp. J",7618041,"Banisteriopsis","CW",""
"BATOOB-BATOAM-Batocarpus 'obmembra'",3763869,"Batocarpus amazonicus","TC","T"
"BATOOR-Batocarpus orinocensis",3763838,"Batocarpus orinocensis","TC","T"
"BATORA-BATOCO-Batocarpus 'ramaroja'",3763858,"Batocarpus costaricensis","TC","T"
"BAUHBR-Bauhinia brachycalyx",2953223,"Bauhinia brachycalyx","TM","M"
"BAUHGL-Bauhinia glabra",2953170,"Schnella glabra","CW",""
"BAUHGU-Bauhinia guianensis",4929144,"Schnella guianensis","CW",""
"BAUHMA-Bauhinia 'magenta'",7431595,"Schnella outimouta","CW",""
"BAUHRU-Bauhinia rutilans",7278572,"Schnella rutilans","CW","V"
"BAUH_AD-Bauhinia sp. AD",7278569,"Schnella","CW",""
"BAUH_AE-Bauhinia sp. AE",7278569,"Schnella","CW",""
"BAUH_G-Bauhinia sp. G",7278569,"Schnella","CW",""
"BAUH_S-Bauhinia sp. S",7278569,"Schnella","CW",""
"BAUH_T-Bauhinia sp. T",7278569,"Schnella","CW",""
"BAUH_W-Bauhinia sp. W",7278569,"Schnella","CW",""
"BEGO_B-Begonia sp. B",2874710,"Begonia","XT",""
"BEILPE-Beilschmiedia pendula",3034073,"Beilschmiedia pendula","TC","T"
"BELLPE-Bellucia pentamera",3866517,"Bellucia pentamera","TM","M"
"BESLQU-Besleria quadrangulata",3824140,"Besleria quadrangulata","SL","S"
"BIG_AE-Bignoniaceae sp. AE",6655,"Bignoniaceae","CW",""
"BIG_AJ-Bignoniaceae sp. AJ",7933875,"Tanaecium pyramidatum","CW",""
"BIG_AK-Bignoniaceae sp. AK",6655,"Bignoniaceae","CW",""
"BIG_AM-Bignoniaceae sp. AM",6655,"Bignoniaceae","CW",""
"BIG_AO-Bignoniaceae sp. AO",6655,"Bignoniaceae","CW",""
"BIG_AP-Bignoniaceae sp. AP",6655,"Bignoniaceae","CW",""
"BIG_AS-Bignoniaceae sp. AS",6655,"Bignoniaceae","CW",""
"BIG_AW-Bignoniaceae sp. AW",6655,"Bignoniaceae","CW",""
"BIG_AZ-Bignoniaceae sp. AZ",6655,"Bignoniaceae","CW",""
"BIG_B-Bignoniaceae sp. B",6655,"Bignoniaceae","CW",""
"BIG_BA-Bignoniaceae sp. BA",6655,"Bignoniaceae","CW",""
"BIG_BB-Bignoniaceae sp. BB",6655,"Bignoniaceae","CW",""
"BIG_BL-Bignoniaceae sp. BL",6655,"Bignoniaceae","CW",""
"BIG_BM-Bignoniaceae sp. BM",6655,"Bignoniaceae","CW",""
"BIG_BO-Bignoniaceae sp. BO",3172598,"Tynanthus","CW",""
"BIG_BQ-Bignoniaceae sp. BQ",6655,"Bignoniaceae","CW",""
"BIG_C-Bignoniaceae sp. C",6655,"Bignoniaceae","CW",""
"BIG_F-Bignoniaceae sp. F",3172559,"Bignonia aequinoctialis","CW",""
"BIG_G-Bignoniaceae sp. G",6655,"Bignoniaceae","CW",""
"BIG_S-Bignoniaceae sp. S",6655,"Bignoniaceae","CW",""
"BIG_V-Bignoniaceae sp. V",6655,"Bignoniaceae","CW",""
"BIG_W-Bignoniaceae sp. W",6655,"Bignoniaceae","CW",""
"BIG_X-Bignoniaceae sp. X",6655,"Bignoniaceae","CW",""
"BIG_Y-Bignoniaceae sp. Y",7930324,"Fridericia schumanniana","CW",""
"BLAK_A-Blakea sp. A",3231475,"Blakea","HL",""
"BLAK_B-BLAKRO-Blakea sp. B",5600155,"Blakea rosea","HL","H"
"BLAK_C-Blakea sp. C",3231475,"Blakea","HL",""
"BOM_A-Bombacaceae sp. A",6685,"","T?",""
"BOROA1-AGOUIS-Borojoa 'axiglab'",2898482,"Agouticarpa isernii","TM","M"
"BOROA2-BOROCL-Borojoa 'axipub'",7469198,"Alibertia duckeana","TM","M"
"BRO1AC-BROSAC-Brosimum acutifolium",7262461,"Brosimum acutifolium","TC","T"
"BRO1GU-BROSGU-Brosimum guianense",7374879,"Brosimum guianense","TC","T"
"BRO1LA-BROSLA-Brosimum lactescens",3763127,"Brosimum lactescens","TC","T"
"BRO1PO-BROSPO-Brosimum potabile",3762892,"Brosimum potabile","TC","T"
"BRO1UT-BROSUT-Brosimum utile",3762702,"Brosimum utile ovatifolium","TC","T"
"BRO2GR-BROWGR-Brownea grandiceps",2970463,"Brownea grandiceps","TM","M"
"BRO3LO-BROWLO-Browneopsis 'lore'",8875403,"Brownea jaramilloi","TM","M"
"BRO_A-Bromeliaceae sp. A",2697812,"Aechmea","EH",""
"BRO_B-Bromeliaceae sp. B",3740,"Bromeliaceae","EH",""
"BRO_C-Bromeliaceae sp. C",3740,"Bromeliaceae","EH",""
"BRO_D-Bromeliaceae sp. D",3740,"Bromeliaceae","EH",""
"BRO_E-Bromeliaceae sp. E",3740,"Bromeliaceae","EH",""
"BRO_F-Bromeliaceae sp. F",3740,"Bromeliaceae","EH",""
"BRO_H-Bromeliaceae sp. H",3740,"Bromeliaceae","EH",""
"BRO_I-Bromeliaceae sp. I",3740,"Bromeliaceae","EH",""
"BRO_J-Bromeliaceae sp. J",3740,"Bromeliaceae","EH",""
"BRO_L-Bromeliaceae sp. L",3740,"Bromeliaceae","EH",""
"BRO_M-Bromeliaceae sp. M",3740,"Bromeliaceae","EH",""
"BRO_N-Bromeliaceae sp. N",3740,"Bromeliaceae","EH",""
"BRUNCH-Brunfelsia chiricaspi",2932912,"Brunfelsia chiricaspi","SL","S"
"BUCHCI-BUCHPU-Buchenavia 'cilipunto'",3699032,"Terminalia oxycarpa","TC","T"
"BUCHEL-BUCHGR-Buchenavia 'elegante'",9392612,"Terminalia grandis","TC","E"
"BUCHPA-Buchenavia parvifolia",9455981,"Terminalia parvifolia","TC","T"
"BUNCMY-Bunchosia 'myrt'",7404976,"Bunchosia","SL","S"
"BYRSDO-BYRSPU-Byrsonima 'dorada'",3984820,"Byrsonima putumayensis","TC","T"
"BYRSJU-Byrsonima 'juanito'",3191347,"Byrsonima","TC","T"
"BYTT_A-Byttneria sp. A",7441533,"Byttneria catalpifolia","CW",""
"BYTT_B-Byttneria sp. B",3670201,"Byttneria asterotricha","CW",""
"Bactris",2732906,"Bactris","",""
"Banara",2874154,"Banara","",""
"Banara nitida",3879623,"Banara nitida","",""
"Banisteriopsis",7618041,"Banisteriopsis","",""
"Batocarpus",6358620,"Batocarpus","",""
"Bauhinia",2952935,"Bauhinia","",""
"Begonia",2874710,"Begonia","",""
"Begoniaceae",6638,"Begoniaceae","",""
"Beilschmiedia",3034072,"Beilschmiedia","",""
"Bellucia",3866386,"Bellucia","",""
"Besleria",6365035,"Besleria","",""
"Bignonia",3172515,"Bignonia","",""
"Bignoniaceae",6655,"Bignoniaceae","",""
"Blakea",3231475,"Blakea","",""
"Bombacaceae",6685,"Malvaceae","",""
"Boraginaceae",2498,"Boraginaceae","",""
"Borojoa",2896652,"Alibertia","",""
"Bribria",10977818,"Bribria","",""
"Bromeliaceae",3740,"Bromeliaceae","",""
"Brosimum",2984656,"Brosimum","",""
"Brownea",2970433,"Brownea","",""
"Browneopsis",2944236,"Browneopsis","",""
"Brunfelsia",2932910,"Brunfelsia","",""
"Buchenavia",3189387,"Terminalia","",""
"Bunchosia",7404976,"Bunchosia","",""
"Burseraceae",6659,"Burseraceae","",""
"Byrsonima",3191347,"Byrsonima","",""
"Byttneria",7445609,"Byttneria","",""
"CABRCA-Cabralea canjerana",7271502,"Cabralea canjerana","TC","T"
"CAL1CA-CALLCA-Calliandra carbonaria",2982050,"Calliandra trinervia carbonaria","TC","T"
"CAL2LA-Callichlamys latifolia",8338389,"Callichlamys latifolia","CW",""
"CAL3BR-CALOBR-Calophyllum brasiliense",5421069,"Calophyllum brasiliense","TE","E"
"CAL4ME-CALCME-Calycophyllum megistocaulum",2903996,"Calycophyllum megistocaulum","TC","T"
"CALYP3-CALPPC-Calyptranthes 'punctote'",10681855,"Myrcia adenophylla","TU","S"
"CALYPL-CALPPL-Calyptranthes plicata",10785938,"Myrcia plicata","TU","U"
"CALYPS-CALPPS-Calyptranthes 'pseudospeciosa'",10802852,"Myrcia manuensis","TM","M"
"CALYSE-CALPSE-Calyptranthes 'sedosa'",10851138,"Myrcia yasuniana","TU","U"
"CALYSP-CALPSP-Calyptranthes speciosa",10825908,"Myrcia neospeciosa","SL","S"
"CAPIDE-Capirona decorticans",10910620,"Capirona macrophylla","TC","T"
"CAPPDE-Capparis detonsa",7790974,"Preslianthus detonsus","TU","U"
"CAPPOS-Capparis osmantha",7379306,"Capparidastrum osmanthum","TM","M"
"CAPPSO-Capparis sola",8405416,"Capparidastrum solum","SL","S"
"CAPP_A-Capparis sp. A",3054191,"Capparis","T?",""
"CAR1CO-CARACO-Caraipa 'comun'",7330048,"Caraipa","TC","T"
"CAR3LO-CARPLO-Carpotroche longifolia",7274065,"Carpotroche longifolia","SL","S"
"CAR4GL-CARYGL-Caryocar glabrum",3826026,"Caryocar glabrum","TC","T"
"CAR6OR-CARDOR-Caryodendron orinocense",3055897,"Caryodendron orinocense","TC","T"
"CARIMI-Carica microcarpa",7269680,"Vasconcellea microcarpa","SL","S"
"CAS1AR-CASEAR-Casearia 'argut'",2874105,"Casearia","TU","U"
"CAS1AT-CASEAE-Casearia 'a-tomen'",5331149,"Casearia arborea","TC","T"
"CAS1BR-CASEBR-Casearia bracteifera",7723868,"Casearia combaymensis","TM","M"
"CAS1JA-CASEJA-Casearia javitensis",3878690,"Piparea multiflora","TM","M"
"CAS1NI-CASENI-Casearia nigricans",7526781,"Casearia nigricans","SL","S"
"CAS1P1-CASEPR-Casearia 'prunicerob'",2874105,"Casearia","SL","S"
"CAS1P2-CASEPF-Casearia prunifolia",7423546,"Casearia prunifolia","SL","S"
"CAS1PI-CASEPI-Casearia pitumba",7499281,"Casearia pitumba","SL","S"
"CAS1S1-CASESP-Casearia 'sylvepub'",2874105,"Casearia","TM","M"
"CAS3UL-CASTUL-Castilla ulei",2984559,"Castilla ulei","TC","T"
"CATHAC-Cathedra acuminata",8137356,"Cathedra acuminata","TC","T"
"CAYA1P-Cayaponia '1-punto' (plantula)",2874613,"Cayaponia","CW",""
"CAYA3P-Cayaponia '3 puntos' (plantula)",3623226,"Cayaponia ophthalmica","CW",""
"CAYAMA-Cayaponia macrocalyx",3623402,"Cayaponia macrocalyx","CW",""
"CAYATU-Cayaponia 'tubulosa' cf.",2874613,"Cayaponia","CW",""
"CAYA_C-Cayaponia sp. C ('5 puntos' plantula)",2874613,"Cayaponia","C?",""
"CAYA_D-Cayaponia sp. D",2874613,"Cayaponia","C?",""
"CECRFI-Cecropia ficifolia",8173870,"Cecropia ficifolia","TC","T"
"CECRHE-Cecropia herthae",4013414,"Cecropia herthae","TC","T"
"CECRMA-Cecropia marginalis",4013650,"Cecropia marginalis","TM","M"
"CECRME-Cecropia 'membra'",4013609,"Cecropia membranacea","TM","M"
"CECRS1-CECREN-Cecropia 'scabhert'",4013581,"Cecropia engleriana","TC","T"
"CECRS2-CECRSC-Cecropia sciadophylla",7316424,"Cecropia sciadophylla","TC","T"
"CED1FI-CEDAOD-Cedrela fissilis",3190511,"Cedrela odorata","TE","E"
"CED2CA-CEDGCA-Cedrelinga cateniformis",2976174,"Cedrelinga cateniformis","TE","E"
"CEIBPE-Ceiba pentandra",5406697,"Ceiba pentandra","TE","E"
"CEIBSA-Ceiba samauma",7981929,"Ceiba samauma","TC","T"
"CELTIG-Celtis iguanaea",2984498,"Celtis iguanaea","CW",""
"CELTSC-Celtis schippii",4159734,"Celtis schippii","TC","T"
"CENTLO-Centropogon loretensis",5412643,"Centropogon loretensis","SL","S"
"CHEICO-Cheiloclinium cognatum",3790743,"Cheiloclinium cognatum","SL","S"
"CHI1JA-CHIMJA-Chimarrhis 'jacob'",2918950,"Chimarrhis","TC","T"
"CHOMCO-Chomelia 'comun'",5337295,"Chomelia tenuiflora","TU","U"
"CHR1ME-CHRCFR-Chrysochlamys 'medio'",3231115,"Chrysochlamys","SL","S"
"CHR1TE-CHRCTE-Chrysochlamys tenuifolia",5555698,"Chrysochlamys tenuifolia","SL","S"
"CHR2AR-CHRYAR-Chrysophyllum argenteum",2885742,"Chrysophyllum argenteum","SL","S"
"CHR2BA-CHRYOV-Chrysophyllum 'baeo'",2885929,"Chrysophyllum ovale","TC","T"
"CHR2CO-CHRYCU-Chrysophyllum colombianum",2885711,"Chrysophyllum cuneifolium","TM","M"
"CHR2LU-CHRYAM-Chrysophyllum 'lucent'",2885635,"Chrysophyllum amazonicum","TC","T"
"CHR2MI-CHRYMI-Chrysophyllum 'minor'",2885576,"Chrysophyllum","TC","T"
"CHR2V1-CHRYVE-Chrysophyllum venezuelanense",2885671,"Chrysophyllum venezuelanense","TC","T"
"CHR2V2-CHRYMA-Chrysophyllum 'vero'",2885648,"Chrysophyllum manaosense","TC","T"
"CIS1_A-Cissampelos sp. A",3033936,"Cissampelos","C?",""
"CIS2MI-Cissus microcarpa",11150913,"Cissus lombardiana","CW",""
"CIS2VI-Cissus 'viformifolia'",3039160,"Cissus","CW",""
"CIS2_A-Cissus sp. A",3039160,"Cissus","CW",""
"CIS2_J-Cissus sp. J",4054813,"Cissus descoingsii","CW",""
"CLARBI-Clarisia biflora",7262852,"Clarisia biflora","TC","T"
"CLARRA-Clarisia racemosa",5572170,"Clarisia racemosa","TC","E"
"CLAVGR-CLAVPR-Clavija 'granbril'",3585576,"Clavija procera","TU","U"
"CLAVWE-Clavija weberbaueri",3585486,"Clavija weberbaueri","SL","S"
"CLIDDI-Clidemia dimorphica",10773334,"Miconia dimorphica","SL","S"
"CLID_A-Clidemia sp. A",3188558,"","CW",""
"CLITPA-Clitoria 'palida'",2946499,"Clitoria","CW",""
"CLUSAM-Clusia 'amarilla'",3189424,"Clusia","HW",""
"CLUS_A-Clusia sp. A",3189424,"Clusia","HW",""
"CLUS_D-Clusia sp. D",3189424,"Clusia","HW",""
"CLUS_DD-Clusia sp. DD",3189424,"Clusia","HW",""
"CLUS_F-Clusia sp. F",5556500,"Clusia flavida","HW",""
"CLUS_HH-Clusia sp. HH",3189424,"Clusia","HW",""
"CLUS_I-Clusia sp. I",3189424,"Clusia","HW",""
"CLUS_JJ-Clusia sp. JJ",3189424,"Clusia","HW",""
"CLUS_LL-Clusia sp. LL",3189424,"Clusia","HW",""
"CLUS_N-Clusia sp. N",3189424,"Clusia","HW",""
"CLUS_P-Clusia sp. P",3189424,"Clusia","HW",""
"CLUS_PIN-Clusia spp. (partes indet. a sp.)",3189424,"Clusia","HW",""
"CLUS_RR-Clusia sp. RR",3189424,"Clusia","HW",""
"CLUS_X-Clusia sp. X",3189424,"Clusia","HW",""
"CLUS_Y-Clusia sp. Y",3189424,"Clusia","HW",""
"CLUS_ZZ-Clusia sp. ZZ",3189424,"Clusia","HW",""
"COCCDE-Coccoloba densifrons",4032930,"Coccoloba densifrons","TM","M"
"COCCLA-Coccoloba 'lancifuzz'",2888822,"Coccoloba","TC","T"
"COCCNI-Coccoloba 'ninfi'",2888822,"Coccoloba","TC","T"
"COCCP1-COCCPB-Coccoloba 'puntoblanco'",2888822,"Coccoloba","TU","U"
"COCC_B-Coccoloba sp. B",2888822,"Coccoloba","T?",""
"COLUTE-Columnea tenensis",5592006,"Columnea tenensis","XT",""
"COMBSU-Combretum 'subsesil'",2986357,"Combretum","CW",""
"COMB_I-Combretum sp. I",2986357,"Combretum","CW",""
"COMB_J-Combretum sp. J",2986357,"Combretum","CW",""
"COMB_K-Combretum sp. K",2986357,"Combretum","CW",""
"COMPCA-Compsoneura capitellata",5564567,"Compsoneura capitellata","TM","M"
"COMPUL-Compsoneura ulei",5564439,"Compsoneura ulei","TM","M"
"CONCGU-CONCRH-Conceveiba guianensis",3074954,"Conceveiba rhytidocarpa","TU","U"
"CONNAM-Connarus 'amazonicum'",7971794,"Rourea amazonica","CW",""
"CONNCO-Connarus 'comun'",3686580,"Connarus punctatus","CW",""
"CONN_C-Connarus sp. C",3032531,"Connarus","CW",""
"CONV_A-Convolvulaceae sp. A",5549216,"Maripa pauciflora","CW",""
"CORDA1-CORDCO-Cordia 'aspera'",5341261,"Cordia collococca","TM","M"
"CORDCH-Cordia chamissoniana",7294411,"Cordia chamissoniana","TC","T"
"CORDHE-Cordia hebeclada",5661992,"Cordia hebeclada","TC","T"
"CORDNO-Cordia nodosa",7295069,"Cordia nodosa","SL","S"
"CORD_A-Cordia sp. A",2900865,"Cordia","T?",""
"COR_B-Cordia sp. B",2900865,"Cordia","T?",""
"COST_B-Costus sp. B",2756771,"Costus","XT",""
"COST_D-Costus sp. D",2756771,"Costus","XT",""
"COST_E-Costus sp. E",2756771,"Costus","XT",""
"COU1OB-COUEOB-Couepia  obovata",2984827,"Couepia obovata","TM","M"
"COU3GU-COUTGU-Couratari guianensis",3083111,"Couratari guianensis","TC","T"
"COU4AS-COSSAS-Coussapoa asperifolia",7316403,"Coussapoa asperifolia","HW","H"
"COU4BI-Coussapoa 'billosa'",7316389,"Coussapoa","HW",""
"COU4OR-COSSOR-Coussapoa orthoneura",4013222,"Coussapoa orthoneura","HW","E"
"COU4_B-Coussapoa sp. B",7316389,"Coussapoa","HW",""
"COU4_G-Coussapoa sp. G",7316389,"Coussapoa","HW",""
"COU5CR-RUDGBR-Cossarea 'crassa'",2910863,"Rudgea bracteata","TU","U"
"COU5DU-COUSDU-Coussarea dulcifolia",2904851,"Coussarea dulcifolia","SL","S"
"CREMBR-CREMCA-Cremastosperma 'brilla'",3154030,"Cremastosperma cauliflorum","TM","U"
"CREMGR-Cremastosperma gracilipes",3154032,"Cremastosperma gracilipes","SL","S"
"CREPRH-Crepidospermum rhoifolium",3992648,"Crepidospermum rhoifolium","TM","M"
"CRYPNO-Cryptocarya 'nori'",8132198,"Cryptocarya yasuniensis","TC","T"
"CUC_C-Cucurbitaceae sp. C",6634,"Cucurbitaceae","C?",""
"CUC_E-Cucurbitaceae sp. E",2874613,"Cayaponia","C?",""
"CUC_I-Cucurbitaceae sp. I",6634,"Cucurbitaceae","C?",""
"CUC_K-Cucurbitaceae sp. K",6634,"Cucurbitaceae","C?",""
"CUC_O-Cucurbitaceae sp. O",6634,"Cucurbitaceae","C?",""
"CUC_R-Cucurbitaceae sp. R",7317515,"Gurania","C?",""
"CUC_S-Cucurbitaceae sp. S",6634,"Cucurbitaceae","C?",""
"CUC_U-Cucurbitaceae sp. U",2874613,"Cayaponia","C?",""
"CUC_V-Cucurbitaceae sp. V",6634,"Cucurbitaceae","C?",""
"CUPACI-Cupania cinerea",3785984,"Cupania cinerea","TC","T"
"CUPALI-Cupania livida",3785240,"Cupania livida","TC","T"
"CYBIAN-Cybianthus anthuriophyllus",3718992,"Cybianthus anthuriophyllus","SL","S"
"CYM1CO-CYMBCO-Cymbopetalum coriaceum",3157862,"Cymbopetalum coriaceum","SL","S"
"Cabralea",7271426,"Cabralea","",""
"Cactaceae",2519,"Cactaceae","",""
"Calliandra",2981784,"Calliandra","",""
"Callichlamys",3233574,"Callichlamys","",""
"Calophyllaceae",4907584,"Calophyllaceae","",""
"Calophyllum",3189443,"Calophyllum","",""
"Calycophyllum",2903995,"Calycophyllum","",""
"Calyptranthes",3181245,"Calyptranthes","",""
"Campanulaceae",8801,"Campanulaceae","",""
"Cannabaceae",2384,"Cannabaceae","",""
"Capirona",2909262,"Capirona","",""
"Capparaceae",3111,"Capparaceae","",""
"Capparidaceae",3111,"Capparaceae","",""
"Capparidastrum",6370671,"Capparidastrum","",""
"Capparis",3054191,"Capparis","",""
"Caraipa",7330048,"Caraipa","",""
"Carica",2874482,"Carica","",""
"Caricaceae",6636,"Caricaceae","",""
"Carpotroche",7274050,"Carpotroche","",""
"Caryocar",3189661,"Caryocar","",""
"Caryocaraceae",6647,"Caryocaraceae","",""
"Caryodendron",3055896,"Caryodendron","",""
"Casearia",2874105,"Casearia","",""
"Castilla",2984557,"Castilla","",""
"Cathedra",3232586,"Cathedra","",""
"Cayaponia",2874613,"Cayaponia","",""
"Cecropia",2984472,"Cecropia","",""
"Cecropia latiloba",4013210,"Cecropia latiloba","",""
"Cecropia putumayonis",4013126,"Cecropia putumayonis","",""
"Cecropiaceae",2383,"Cecropiaceae","",""
"Cedrela",3190510,"Cedrela","",""
"Cedrelinga",2976173,"Cedrelinga","",""
"Ceiba",3152218,"Ceiba","",""
"Celastraceae",6715,"Celastraceae","",""
"Celtis",2984479,"Celtis","",""
"Centropogon",7815589,"Centropogon","",""
"Cervantesiaceae",4934723,"Cervantesiaceae","",""
"Cheiloclinium",7265392,"Cheiloclinium","",""
"Chimarrhis",2918950,"Chimarrhis","",""
"Chomelia",2903121,"Chomelia","",""
"Chrysobalanaceae",9111,"Chrysobalanaceae","",""
"Chrysochlamys",3231115,"Chrysochlamys","",""
"Chrysophyllum",2885576,"Chrysophyllum","",""
"Cissampelos",3033936,"Cissampelos","",""
"Cissus",3039160,"Cissus","",""
"Cladocolea",3232632,"Cladocolea","",""
"Clarisia",3234568,"Clarisia","",""
"Clavija",7313189,"Clavija","",""
"Clidemia",3188558,"Miconia","",""
"Clitoria",2946499,"Clitoria","",""
"Clusia",3189424,"Clusia","",""
"Clusiaceae",6646,"Clusiaceae","",""
"Coccoloba",2888822,"Coccoloba","",""
"Columnea",3172890,"Columnea","",""
"Combretaceae",2431,"Combretaceae","",""
"Combretum",2986357,"Combretum","",""
"Commelina",2763939,"Commelina","",""
"Commelinaceae",2763195,"Commelinaceae","",""
"Compsoneura",3231414,"Compsoneura","",""
"Conceveiba",3074933,"Conceveiba","",""
"Connaraceae",6669,"Connaraceae","",""
"Connarus",3032531,"Connarus","",""
"Convolvulaceae",2389,"Convolvulaceae","",""
"Cordia",2900865,"Cordia","",""
"Cordia alliodora",7649215,"Cordia alliodora","",""
"Cordiaceae",4930453,"Cordiaceae","",""
"Cossarea",2904739,"Coussarea","",""
"Costaceae",4492,"Costaceae","",""
"Costus",2756771,"Costus","",""
"Couepia",2984768,"Couepia","",""
"Coulaceae",4928321,"Coulaceae","",""
"Couratari",3083098,"Couratari","",""
"Coussapoa",7316389,"Coussapoa","",""
"Coussarea",2904739,"Coussarea","",""
"Cremastosperma",3154020,"Cremastosperma","",""
"Crepidospermum",7286748,"Crepidospermum","",""
"Cryptocarya",3011993,"Cryptocarya","",""
"Cucurbitaceae",6634,"Cucurbitaceae","",""
"Cuervea",7265630,"Cuervea","",""
"Cupania",3189959,"Cupania","",""
"Cybianthus",3169407,"Cybianthus","",""
"Cyclanthaceae",7703,"Cyclanthaceae","",""
"Cymbopetalum",3157828,"Cymbopetalum","",""
"Cynanchum",3170354,"Cynanchum","",""
"DACRGO-Dacryodes 'gorda'",3190454,"Dacryodes","TM","M"
"DACRPE-Dacryodes peruviana",7286858,"Dacryodes peruviana","TM","M"
"DALBMO-Dalbergia monetaria",8743558,"Dalbergia ovalis","CW",""
"DAVI_A-Davilla sp. A",7303996,"Davilla rugosa","CW",""
"DEN1BO-DENBBO-Dendrobangia boliviana",3596663,"Dendrobangia boliviana","TM","M"
"DEN2AR-DENDAR-Dendropanax arboreus",3035093,"Dendropanax arboreus","TC","T"
"DEN2GR-DENDCA-Dendropanax 'grande'",3035067,"Dendropanax caucanus","TM","M"
"DEN2QU-DENDQU-Dendropanax 'quercetorum'",3034993,"Dendropanax querceti","SL","S"
"DESMOR-Desmoncus orthacanthos",2738830,"Desmoncus giganteus","CW",""
"DIALGU-Dialium guianense",2971008,"Dialium guianense","TC","T"
"DIC1HE-Dichorisandra hexandra",8326180,"Dichorisandra hexandra","CH",""
"DIC1_A-Dichorisandra sp. A",2764389,"Commelina erecta","XT",""
"DICEJU-Dicella julianii",5634579,"Dicella julianii","CW",""
"DICH_A-Dichapetalum sp. A",7309866,"Dichapetalum","CW",""
"DICH_B-Dichapetalum sp. B",7309866,"Dichapetalum","CW",""
"DICRHO-Dicranostyles holostyla",3680604,"Dicranostyles holostyla","CW",""
"DICR_C-Dicranostyles sp. C",7324361,"Dicranostyles","CW",""
"DICR_I-Dicranostyles sp. I",3680625,"Dicranostyles globostigma","CW",""
"DICR_J-Dicranostyles sp. J",7324361,"Dicranostyles","CW",""
"DIEF_A-Dieffenbachia sp. A",2869330,"Dieffenbachia","XT",""
"DILKP1-DILKPA-Dilkea parviflora",3586537,"Dilkea retusa","TU","U"
"DILK_H-Dilkea sp. H",7313332,"Dilkea","-",""
"DIME_A-Dimerocostus sp. A",2756979,"Dimerocostus strobilaceus","XT",""
"DIO1_A-Dioscorea sp. A",2754367,"Dioscorea","CH",""
"DIO1_B-Dioscorea sp. B",2754367,"Dioscorea","CH",""
"DIO2PS-DIOSPS-Diospyros pseudoxylopia",4070387,"Diospyros pseudoxylopia","TC","T"
"DIO2SI-DIOSSU-Diospyros 'simibrachy'",4070210,"Diospyros subrotata","TM","M"
"DIOC_A-Dioclea sp. A",10954319,"Macropsychanthus comosus","CW",""
"DIOC_C-Dioclea sp. C",2974376,"Dioclea","CW",""
"DIOC_G-Dioclea sp. G",2974376,"Dioclea","CW",""
"DIOC_H-Dioclea sp. H",2974376,"Dioclea","CW",""
"DIPL_B-Diplotropis sp. B",2960676,"Diplotropis","CW",""
"DIS1_A-Distictella sp. A",3172588,"Amphilophium","CW",""
"DISCGU-Discophora guianensis",8066826,"Discophora guianensis","TM","M"
"DISP_A-Disciphania sp. A",7268753,"Disciphania","C?",""
"DISP_B-Disciphania sp. B",7268753,"Disciphania","C?",""
"DISP_V-Disciphania sp. V",3830628,"Disciphania killipii","CW",""
"DOLI_A-Doliocarpus sp. A",3083497,"Doliocarpus","CW",""
"DRACLO-Dracontium longipes",5330705,"Dracontium longipes","XT",""
"DRYMCO-Drymonia coccinea",5591185,"Drymonia coccinea","C?",""
"DRYPAM-Drypetes amazonica",3075969,"Drypetes amazonica","TM","M"
"DRYPVA-Drypetes variabilis",3075850,"Drypetes variabilis","TC","T"
"DUGUCO-Duguetia 'cortaten'",3157467,"Duguetia","TC","T"
"DUGUHA-Duguetia hadrantha",3157624,"Duguetia hadrantha","TU","U"
"DUGUQU-Duguetia quitarensis",3157592,"Duguetia quitarensis","TM","M"
"DUGUSP-Duguetia spixiana",3157492,"Duguetia spixiana","TM","M"
"DULACA-Dulacia candida",3685635,"Dulacia candida","TU","U"
"DUROHI-Duroia hirsuta",2892105,"Duroia hirsuta","TU","U"
"DUSSDE-Dussia 'delgada'",2968226,"Dussia","TC","T"
"DUSSPE-Dussia 'pelosblancos'",2968226,"Dussia","TC","T"
"DUSS_A-DUSSTE-Dussia sp. A",2968237,"Dussia tessmannii","TC","T"
"Dacryodes",3190454,"Dacryodes","",""
"Dalbergia",2968358,"Dalbergia","",""
"Davilla",3234608,"Davilla","",""
"Dendrobangia",7314371,"Dendrobangia","",""
"Dendropanax",3034954,"Dendropanax","",""
"Desmoncus",2738753,"Desmoncus","",""
"Dialium",2970932,"Dialium","",""
"Dicella",3231254,"Dicella","",""
"Dichapetalaceae",3231311,"Dichapetalaceae","",""
"Dichapetalum",7309866,"Dichapetalum","",""
"Dichorisandra",2763579,"Dichorisandra","",""
"Dicranostyles",7324361,"Dicranostyles","",""
"Didymopanax",6419087,"Didymopanax","",""
"Dieffenbachia",2869330,"Dieffenbachia","",""
"Dilkea",7313332,"Dilkea","",""
"Dilleniaceae",2511,"Dilleniaceae","",""
"Dimerocostus",2756978,"Dimerocostus","",""
"Dioclea",2974376,"Dioclea","",""
"Dioscorea",2754367,"Dioscorea","",""
"Dioscoreaceae",7694,"Dioscoreaceae","",""
"Diospyros",3030169,"Diospyros","",""
"Diplopterys",7284911,"Diplopterys","",""
"Diplotropis",2960676,"Diplotropis","",""
"Disciphania",7268753,"Disciphania","",""
"Discophora",3234385,"Discophora","",""
"Distictella",3172588,"Amphilophium","",""
"Dolichandra",6401165,"Dolichandra","",""
"Doliocarpus",3083497,"Doliocarpus","",""
"Dracontium",7392210,"Dracontium","",""
"Drymonia",3233484,"Drymonia","",""
"Drypetes",3075615,"Drypetes","",""
"Duguetia",3157467,"Duguetia","",""
"Dulacia",8205552,"Dulacia","",""
"Duroia",2892076,"Duroia","",""
"Dussia",2968226,"Dussia","",""
"ECTOSO-Ectopopterys soejartoi",3986363,"Ectopopterys soejartoi","CW",""
"ELA2GL-ELAEGL-Elaeoluma glabrescens",2886343,"Elaeoluma glabrescens","TC","T"
"ENDLBU-Endlicheria 'burbujas'",7304104,"Endlicheria","TM","M"
"ENDLDO-Endlicheria 'dori'",7304104,"Endlicheria","TC","T"
"ENDLEL-ENDLFO-Endlicheria 'else'",4176428,"Endlicheria formosa","TM","M"
"ENDLFA-Endlicheria 'falsadyso'",7304104,"Endlicheria","TM","M"
"ENDLPL-Endlicheria 'platagigante'",7304104,"Endlicheria","TM","M"
"ENDLTE-Endlicheria tessmannii",4176500,"Endlicheria directonervia","TM","M"
"ENDLTS-Endlicheria tschudyana",4183476,"Endlicheria tschudyana","TM","U"
"ENTA_A-Entada sp. A",2976278,"Entada polyphylla","CW",""
"ENTEBA-Enterolobioum barnebianum",2961143,"Enterolobium barnebianum","TC","T"
"EPIP_A-Epiphyllum sp. A",5384030,"Epiphyllum phyllanthus","EH",""
"ERIOGL-Eriotheca globosa",4073732,"Eriotheca globosa","TC","T"
"ERISUN-Erisma uncinatum",5650915,"Erisma uncinatum","TC","T"
"ERY2EC-ERYOMA-Erythroxylum 'ecuadorense'",3693986,"Erythroxylum macrophyllum ecuadorense","TU","U"
"ERY2MA-ERYOMA-Erythroxylum macrophyllum",7284812,"Erythroxylum macrophyllum macrophyllum","TU","U"
"ERY2SQ-ERYOSQ-Erythroxylum squamatum",7284874,"Erythroxylum squamatum","TU","U"
"ESCHBR-Eschweilera bracteosa",3083420,"Eschweilera bracteosa","TC","T"
"ESCHCO-Eschweilera 'cori'",3083231,"Eschweilera coriacea","TC","T"
"ESCHG1-ESCHGI-Eschweilera 'giga'",3083183,"Eschweilera","TC","T"
"ESCHKI-ESCHGG-Eschweilera 'kim'",3083314,"Eschweilera gigantea","TC","T"
"ESCHP2-ESCHAN-Eschweilera 'purpura'",3083184,"Eschweilera andina","TM","M"
"ESCHRU-Eschweilera rufifolia",3083381,"Eschweilera rufifolia","TC","T"
"ESENAM-Esenbeckia amazonica",5593203,"Esenbeckia amazonica","TM","M"
"EUGEFE-Eugenia feijoi",5417684,"Eugenia feijoi","TC","T"
"EUGEFL-Eugenia florida",5417919,"Eugenia florida","TM","M"
"EUGEG1-EUGEGV-Eugenia 'granvariable'",3177662,"Eugenia","TM","M"
"EUGEG2-EUGEGR-Eugenia 'graneschweil'",6306443,"Eugenia longisepala","TM","M"
"EUGEG3-EUGEYA-Eugenia 'granplata'",5416992,"Eugenia yasuniana","TM","M"
"EUGELA-Eugenia lambertiana",5416727,"Eugenia lambertiana","TM","M"
"EUGEM3-EUGEMV-Eugenia 'medioperp-verde'",3177662,"Eugenia","TM","M"
"EUGEM4-EUGEMC-Eugenia macrocalyx",8275691,"Eugenia macrocalyx","TM","M"
"EUGEM7-EUGEMI-Eugenia 'minicomun'",6306444,"Eugenia pusilliflora","TM","M"
"EUGEM9-EUGEMU-Eugenia multirimosa",10607461,"Eugenia multirimosa","TM","M"
"EUGEMG-EUGEMA-Eugenia 'margot'",3177662,"Eugenia","TM","M"
"EUGEPA-Eugenia 'panosadorada'",3177662,"Eugenia","TM","M"
"EUGERA-Eugenia 'ramamarilla'",3177662,"Eugenia","TM","M"
"EUGES1-Eugenia 'smedbrosimoid'",3177662,"Eugenia","TM",""
"EUGES7-ZZMYSC-Eugenia 'smedcomun'",3177662,"Eugenia","TM","M"
"EUGESC-Eugenia schunkei",10330019,"Eugenia schunkei","TM","M"
"EUTEPR-Euterpe precatoria",5293425,"Euterpe precatoria","TM","T"
"EVO1_A-Evodianthus sp. A",2861089,"Evodianthus funifer","HV",""
"Ebenaceae",6709,"Ebenaceae","",""
"Ectopopterys",7285756,"Ectopopterys","",""
"Elaeocarpaceae",2435,"Elaeocarpaceae","",""
"Elaeoluma",2886342,"Elaeoluma","",""
"Endlicheria",7304104,"Endlicheria","",""
"Entada",2976182,"Entada","",""
"Enterolobioum",2961142,"Enterolobium","",""
"Enterolobium",2961142,"Enterolobium","",""
"Epiphyllum",3084180,"Epiphyllum","",""
"Eriotheca",7296175,"Eriotheca","",""
"Erisma",3231629,"Erisma","",""
"Erythropalaceae",4924615,"Erythropalaceae","",""
"Erythroxylaceae",6686,"Erythroxylaceae","",""
"Erythroxylum",2873937,"Erythroxylum","",""
"Eschweilera",3083183,"Eschweilera","",""
"Esenbeckia",3190391,"Esenbeckia","",""
"Eugenia",3177662,"Eugenia","",""
"Euphorbiaceae",4691,"Euphorbiaceae","",""
"Euterpe",7906352,"Euterpe","",""
"Evodianthus",2861088,"Evodianthus","",""
"FAB_CC-Fabaceae sp. CC",2968358,"Dalbergia","-",""
"FARACA-Faramea capillipes",2898189,"Faramea capillipes","TU","U"
"FARACR-FARATO-Faramea 'crasa'",2898072,"Faramea torquata","TM","M"
"FARAQU-Faramea quinqueflora",2898037,"Faramea quinqueflora","SL","S"
"FEVICO-Fevillea cordifolia",2874555,"Fevillea cordifolia","CW",""
"FICUBR-Ficus brevibracteata",5572614,"Ficus krukovii","HW",""
"FICUGO-Ficus gomelleira",5571029,"Ficus gomelleira","TC","T"
"FICUNY-Ficus nymphaeifolia",5570630,"Ficus nymphaeifolia","HT","T"
"FICUOB-Ficus obtusifolia",5361910,"Ficus obtusifolia","TC","T"
"FICUP2-Ficus 'perecose'",7944396,"Ficus pertusa","HW",""
"FICUPA-Ficus paraensis",5569960,"Ficus paraensis","HW",""
"FICUSC-FICUBA-Ficus schippii",5570840,"Ficus schippii","HT","T&H"
"FICUSU-Ficus 'subapiculata'",5572316,"Ficus americana subapiculata","HW",""
"FICUT1-FICUTR-Ficus trigona",7930239,"Ficus trigona","HT","T&H"
"FICU_BB-Ficus sp. BB",2984588,"Ficus","-",""
"FICU_CC-Ficus sp. CC",2984588,"Ficus","-",""
"FICU_D-Ficus sp.D",2984588,"Ficus","-",""
"FICU_DD-Ficus sp. DD",5571772,"Ficus quichuana","-",""
"FICU_EE-Ficus sp. EE",2984588,"Ficus","-",""
"FICU_G-Ficus sp.G",2984588,"Ficus","-",""
"FICU_GG-FICUPI-Ficus sp. GG",5569865,"Ficus crassivenosa","TC","T"
"FICU_H-Ficus sp.H",2984588,"Ficus","-",""
"FICU_K-Ficus sp.K",2984588,"Ficus","-",""
"FICU_KK-Ficus sp. KK",2984588,"Ficus","-",""
"FICU_PIN-Ficus spp. (partes indet. a sp.)",2984588,"Ficus","-",""
"FICU_S-Ficus sp.S",2984588,"Ficus","-",""
"FICU_S1-Ficus sp. S1 (semillas)",2984588,"Ficus","-",""
"FICU_S2-Ficus sp. S2 (semillas)",2984588,"Ficus","-",""
"FICU_S4-Ficus sp. S4 (semillas)",2984588,"Ficus","-",""
"FICU_S5-Ficus sp. S5 (semillas)",2984588,"Ficus","-",""
"FOSTAC-Fosteronia acouci",3618404,"Forsteronia acouci","CW",""
"FOSTAF-Fosteronia affinis",3618369,"Forsteronia affinis","CW",""
"Fabaceae",5386,"Fabaceae","",""
"Fabaceae-Caesalpiniodeae",5386,"Fabaceae","",""
"Fabaceae-Mimosoideae",5386,"Fabaceae","",""
"Fabaceae-Papilionoideae",5386,"Fabaceae","",""
"Faramea",2897889,"Faramea","",""
"Fevillea",2874554,"Fevillea","",""
"Ficus",2984588,"Ficus","",""
"Ficus insipida",6358534,"Ficus insipida","",""
"Flacourtiaceae",9725603,"Flacourtiaceae","",""
"Forsteronia",8171331,"Forsteronia","",""
"Fridericia",3233562,"Fridericia","",""
"GAR2BR-GARCBR-Garcinia brasiliensis",7329866,"Garcinia brasiliensis","TM","M"
"GAR2M1-GARCMC-Garcinia macrophylla",7727026,"Garcinia macrophylla","TC","T"
"GAR2M2-GARCMA-Garcinia madruno",3713863,"Garcinia madruno","TM","M"
"GENIAM-Genipa americana",2895593,"Genipa americana","TC","T"
"GEONBR-Geonoma brongniartii",2734168,"Geonoma brongniartii","SS",""
"GEONCO-Geonoma 'comun'",2734141,"Geonoma aspidiifolia","SL","S"
"GEONMA-Geonoma maxima",2734176,"Geonoma maxima","SL","S"
"GEONST-Geonoma stricta",7394764,"Geonoma stricta","SL","S"
"GEONTR-Geonoma triglochin",2734265,"Geonoma triglochin","SL","S"
"GEON_A-Geonoma sp. A",2734267,"Geonoma macrostachys","SS",""
"GESN_A-Gesneriaceae sp. A",5590850,"Drymonia macrophylla","C?",""
"GESN_H-Gesneriaceae sp. H",6654,"Gesneriaceae","-",""
"GESN_I-Gesneriaceae sp. I",6654,"Gesneriaceae","EH",""
"GES_G-Gesneriaceae sp. G",6654,"Gesneriaceae","CH",""
"GLOEEQ-Gloeospermum equatoriense",4075162,"Gloeospermum equatoriense","TU","U"
"GLOELO-Gloeospermum longifolium",4075066,"Gloeospermum longifolium","TU","U"
"GNET_A-Gnetum sp. A",2653091,"Gnetum","CW",""
"GOUACO-Gouania colombiana",5603088,"Gouania colombiana","CW",""
"GOUALU-Gouania lupuloides",3039434,"Gouania","CW",""
"GRIANE-Grias neuberthii",3082343,"Grias neuberthii","TC","T"
"GSN_B-Gesneriaceae sp. B",6654,"Gesneriaceae","CH",""
"GUAPCL-Guapira 'clasica'",3086054,"Guapira","TM","M"
"GUAPGR-Guapira 'granclasica'",3086054,"Guapira","TC","T"
"GUAREC-Guarea ecuadoriensis",3852441,"Guarea ecuadoriensis","TM","M"
"GUARFI-Guarea fistulosa",3852308,"Guarea fistulosa","TU","U"
"GUARFU-GUARCA-Guarea 'fuzzydelgada'",3849565,"Guarea carinata","TC","T"
"GUARG1-GUARGI-Guarea 'gigakunth'",3190499,"Guarea","TC","T"
"GUARG3-GUARGO-Guarea gomma",3852128,"Guarea gomma","TC","T"
"GUARG4-GUARGR-Guarea grandifolia",3190500,"Guarea guidonia","TM","M"
"GUARG5-GUARGU-Guarea guentheri",3852025,"Guarea guentheri","TM","M"
"GUARKU-Guarea kunthiana",3851727,"Guarea kunthiana","TM","M"
"GUARM1-GUARMA-Guarea 'macrophylla#1'",3851437,"Guarea macrophylla pachycarpa","TM","M"
"GUARM2-GUARMA-Guarea 'macrophylla#2'",7271393,"Guarea macrophylla","TM","M"
"GUARM3-GUARMA-Guarea 'macrophylla#3'",7271393,"Guarea macrophylla","TM","M"
"GUARP1-GUARPB-Guarea pubescens",7846271,"Guarea pubescens","TM","M"
"GUARP2-GUARPU-Guarea purusana",3850489,"Guarea purusana","TC","T"
"GUARPT-Guarea pterorhachis",3850629,"Guarea pterorhachis","TM","M"
"GUARSI-Guarea silvatica",3850192,"Guarea silvatica","TM","M"
"GUATCA-GUATCI-Guatteria 'cachorro'",3155931,"Guatteria stipitata","TM","M"
"GUATG1-GUATGR-Guatteria 'grande'",3155688,"Guatteria asplundiana","TC","T"
"GUATG2-GUATGS-Guatteria 'gransmoothie'",5541644,"Annona edulis","TC","T"
"GUATMU-Guatteria multivenia",3155818,"Guatteria guianensis","TM","M"
"GUATP1-GUATPU-Guatteria 'pulvinada'",3155628,"Guatteria scalarinervia","TM","M"
"GUATP2-GUATPC-Guatteria 'punctomarron'",3155604,"Guatteria","TC","T"
"GUATRO-GUATRE-Guatteria 'rolin'",3155658,"Guatteria recurvisepala","TM","M"
"GUATT2-GUATGL-Guatteria 'tipica'",3155844,"Guatteria modesta","TM","T"
"GUAT_E-Guatteria sp. E",3155604,"Guatteria","T?",""
"GUAT_J-Guatteria sp. J",3155604,"Guatteria","T?",""
"GUAT_R-Guatteria sp. R",3155604,"Guatteria","T?",""
"GURA1_S-Gurania sp. S",7317515,"Gurania","C?",""
"GURAAC-Gurania acuminata",3624188,"Gurania acuminata","C?",""
"GUSTHE-Gustavia hexapetala",5383835,"Gustavia hexapetala","TM","M"
"GUSTLO-Gustavia longifolia",5383753,"Gustavia longifolia","TM","M"
"Garcinia",3189556,"Garcinia","",""
"Genipa",2895591,"Genipa","",""
"Gentianaceae",2503,"Gentianaceae","",""
"Geonoma",2734029,"Geonoma","",""
"Gesneriaceae",6654,"Gesneriaceae","",""
"Gitara",3062858,"Gitara","",""
"Gloeospermum",7296352,"Gloeospermum","",""
"Glycydendron",3061259,"Glycydendron","",""
"Glycydendron amazonicum",3061260,"Glycydendron amazonicum","",""
"Gnetaceae",6755,"Gnetaceae","",""
"Gnetum",2653091,"Gnetum","",""
"Gouania",3039434,"Gouania","",""
"Grias",3082326,"Grias","",""
"Guapira",3086054,"Guapira","",""
"Guarea",3190499,"Guarea","",""
"Guatteria",3155604,"Guatteria","",""
"Guettarda",2894616,"Guettarda","",""
"Gurania",7317515,"Gurania","",""
"Gustavia",3082580,"Gustavia","",""
"HASSFL-Hasseltia floribunda",7760145,"Hasseltia floribunda","TM","M"
"HEISAC-Heisteria acuminata",7222047,"Heisteria acuminata","TU","U"
"HEISGR-Heisteria 'grande'",3232590,"Heisteria","TM","M"
"HEISNI-Heisteria nitida",7737421,"Heisteria nitida","TC","T"
"HEISSC-Heisteria scandens",7369183,"Heisteria scandens","CW",""
"HEL1TO-HELITO-Helicostylis tomentosa",3764831,"Helicostylis tomentosa","TM","M"
"HELIST-Heliconia stricta",2760548,"Heliconia stricta","XT",""
"HELI_B-Heliconia sp. B",2760545,"Heliconia","XT",""
"HELI_C-Heliconia sp. C",2760545,"Heliconia","XT",""
"HELI_D-Heliconia sp. D",2760545,"Heliconia","XT",""
"HELI_E-Heliconia sp. E",2760545,"Heliconia","XT",""
"HERRAS-HERRNI-Herrania 'asperoide'",7322898,"Herrania nitida","SL","S"
"HERRCU-Herrania cuatrecasana",8611392,"Herrania cuatrecasasiana","TU","U"
"HET1AU-Heteropterys aureosericea",7655793,"Heteropterys aureosericea","CW",""
"HETE2_A-Heteropsis sp. A",5330225,"Heteropsis flexuosa","HL",""
"HETE2_B-Heteropsis sp. B",2867803,"Heteropsis","HL",""
"HEVEGU-Hevea guianensis",3071199,"Hevea guianensis","TC","T"
"HIMASU-Himatanthus sucuuba",3621740,"Himatanthus articulatus","TC","T"
"HIPPVO-Hippocratea volubilis",3169012,"Hippocratea volubilis","CW",""
"HIRA_F-Hiraea sp. F",3191288,"Hiraea","CW",""
"HIRTEX-Hirtella excelsa",7701308,"Hirtella excelsa","TC","T"
"HUERGL-Huertea glandulosa",3686262,"Huertea glandulosa","TC","T"
"HYERAL-HIERAL-Hyeronima alchorneoides",3079092,"Hieronyma alchorneoides","TE","E"
"HYLECO-ZZHISE-Hylenaea comosa",3792999,"Cuervea kappleriana","CW","V"
"HYM1OB-HYMAOB-Hymenaea oblongifolia",2950738,"Hymenaea oblongifolia","TC","T"
"HYM2ST-HYMEST-Hymenolobium 'stipsericea'",7783451,"Hymenolobium","TC","T"
"HYOSEL-Hyospathe elegans",2736706,"Hyospathe elegans","SL","S"
"Hasseltia",3231177,"Hasseltia","",""
"Heisteria",3232590,"Heisteria","",""
"Heliconia",2760545,"Heliconia","",""
"Heliconiaceae",4677,"Heliconiaceae","",""
"Helicostylis",7262603,"Helicostylis","",""
"Heliotropiaceae",4930387,"Heliotropiaceae","",""
"Heliotropium",2925766,"Heliotropium","",""
"Henriettea",3188527,"Henriettea","",""
"Henriettella",3188527,"Henriettea","",""
"Herrania",7322892,"Herrania","",""
"Heteropsis",2867803,"Heteropsis","",""
"Heteropterys",3191290,"Heteropterys","",""
"Hevea",3071157,"Hevea","",""
"Hieronyma",7570851,"Hieronyma","",""
"Himatanthus",7317357,"Himatanthus","",""
"Hippocratea",3169011,"Hippocratea","",""
"Hippocrateaceae",2514,"Hippocrateaceae","",""
"Hiraea",3191288,"Hiraea","",""
"Hirtella",2944960,"Hirtella","",""
"Homalolepis",7329598,"Homalolepis","",""
"Huertea",7326537,"Huertea","",""
"Humiriaceae",3231239,"Humiriaceae","",""
"Hydrangea",2985983,"Hydrangea","",""
"Hydrangeaceae",6667,"Hydrangeaceae","",""
"Hyeronima",3919231,"Hyeronima","",""
"Hylenaea",7265702,"Hylenaea","",""
"Hymenaea",2950720,"Hymenaea","",""
"Hymenolobium",7783451,"Hymenolobium","",""
"Hymenopus",9714684,"Hymenopus","",""
"Hyospathe",2736704,"Hyospathe","",""
"Hypericaceae",4900406,"Hypericaceae","",""
"INGA3C-Inga '3crasa'",2965936,"Inga","TC","T"
"INGA3O-Inga '3oscura'",5358039,"Inga laurina","TE","E"
"INGA4A-Inga '4alitarco'",2965936,"Inga","TM","M"
"INGA6C-Inga '6cuadra'",11373193,"Inga kursarii","TC","T"
"INGAAA-INGAAL-Inga alata",5357817,"Inga alata","TC","T"
"INGAAC-Inga acreana",5357584,"Inga acreana","TC","T"
"INGAAU-Inga auristellae",5357701,"Inga auristellae","TM","M"
"INGABO-Inga bourgonii",5580442,"Inga bourgoni","TC","T"
"INGABR-Inga brachyrhachis",5357846,"Inga brachyrhachis","TM","M"
"INGAC1-INGACA-Inga capitata",5358094,"Inga capitata","TM","M"
"INGAC2-INGACY-Inga cayennensis",5357789,"Inga cayennensis","TM","M"
"INGAC4-INGACI-Inga ciliata",5357889,"Inga ciliata subcapitata","TU","U"
"INGAC5-INGACN-Inga cinnamomea",5358132,"Inga cinnamomea","TM","M"
"INGAC6-INGACO-Inga cordatoalata",5357823,"Inga cordatoalata","TM","M"
"INGAHE-Inga heterophylla",5357852,"Inga heterophylla","TC","T"
"INGALE-Inga leiocalycina",5629065,"Inga laevigata","TC","T"
"INGAMA-Inga marginata",7546887,"Inga marginata","TM","M"
"INGAMU-Inga multinervis",5358136,"Inga multinervis","TC","T"
"INGAOE-Inga oerstediana",5358014,"Inga oerstediana","TC","T"
"INGAPO-Inga poeppigiana",5357812,"Inga poeppigiana","TM","M"
"INGAPU-Inga punctata",5357665,"Inga punctata","TM","M"
"INGAR1-INGARU-Inga ruiziana",5357975,"Inga ruiziana","TC","T"
"INGAS2-INGASR-Inga sarayacuensis",5357630,"Inga sarayacuensis","TM","M"
"INGAS4-INGASB-Inga spectabilis",5357491,"Inga spectabilis","TC","T"
"INGAS5-INGASB-Inga 'stelaeglabra'",2965936,"Inga","TC","M"
"INGAS7-INGAST-Inga striata",5358084,"Inga striata","TM","M"
"INGATE-Inga tenuistipula",5357513,"Inga tenuistipula","TM","M"
"INGATH-Inga thibaudiana",7225525,"Inga thibaudiana thibaudiana","TC","T"
"INGATO-Inga tocacheana",5357540,"Inga tocacheana","TM","M"
"INGAU1-INGAUE-Inga umbellifera",5358027,"Inga umbellifera","TM","M"
"INGAU2-INGAUM-Inga umbratica",5358034,"Inga umbratica","TM","M"
"INGAVI-Inga vismiifolia",5357608,"Inga vismiifolia","TM",""
"INGAYA-Inga yacoana",5358012,"Inga yacoana","TM","M"
"INGA_SIN-Inga spp. (semillas indet. a sp.)",2965936,"Inga","T?",""
"IPOMPH-Ipomoea phyllomega",7926928,"Ipomoea philomega","CW",""
"IRIADE-Iriartea deltoidea",2739059,"Iriartea deltoidea","TM","T"
"IRYAAL-IRYAGR-Iryanthera 'alta'",3743999,"Iryanthera grandis","TC","T"
"IRYAJU-Iryanthera juruensis",3743957,"Iryanthera juruensis","TM","M"
"IRYAPA-IRYAHO-Iryanthera paraensis",3743981,"Iryanthera hostmannii","TM","M"
"IXORAC-Ixora acuminatissima",2905481,"Ixora acuminatissima","SL","S"
"IXORKI-Ixora killipii",2905346,"Ixora killipii","TU","U"
"IXORPA-Ixora panurensis",2906015,"Ixora panurensis","SL","S"
"Icacinaceae",2513,"Icacinaceae","",""
"Inga",2965936,"Inga","",""
"Inga microcoma",5357932,"Inga microcoma","",""
"Inga velutina",5357985,"Inga velutina","",""
"Ipomoea",2928509,"Ipomoea","",""
"Iriartea",2739058,"Iriartea","",""
"Iryanthera",3743006,"Iryanthera","",""
"Ischnosiphon",2761017,"Ischnosiphon","",""
"Ixora",2905224,"Ixora","",""
"JAC1CO-JACACO-Jacaranda copaia",7298763,"Jacaranda copaia","TC","T"
"JAC1GL-JACAGL-Jacaranda glabra",4094115,"Jacaranda glabra","TM","M"
"JAC2DI-JACTDI-Jacaratia digitata",3838792,"Jacaratia digitata","TC","T"
"JUBEUL-Jubelina uleana",3982973,"Jubelina uleana","CW",""
"Jacaranda",3172498,"Jacaranda","",""
"Jacaratia",7269679,"Jacaratia","",""
"Jubelina",7285074,"Jubelina","",""
"Jupunba",7266089,"Jupunba","",""
"KOTCSE-Kotchubaea semisericea",2893791,"Kutchubaea semisericea","TM","M"
"Kotchubaea",2893775,"Kutchubaea","",""
"Kutchubaea",2893775,"Kutchubaea","",""
"LACIME-Lacistema 'med'",3075381,"Lacistema","TM","M"
"LACMLA-Lacmellea lactescens",3618040,"Lacmellea edulis","TC","T"
"LACMRA-LACMOB-Lacmellea  'ramalada'",3617848,"Lacmellea oblongata","TU","U"
"LAFO_A-Lafoensia sp. A",7286250,"Lafoensia","TM",""
"LAU_AJ-Lauraceae sp. AJ",3034076,"Ocotea","T?",""
"LAU_H-Lauraceae sp. H",6688,"Lauraceae","T?",""
"LEONCR-Leonia crassa",5664263,"Leonia crassa","TM","M"
"LEONGL-Leonia glycycarpa",7296446,"Leonia glycycarpa","TM","M"
"LEONOC-Leonia occidentalis",7565511,"Leonia occidentalis","TU","U"
"LERERE-Leretia 'reticbril'",3597442,"Leretia cordata","CW",""
"LIC1AR-LICAAR-Licania arborea",10248926,"Microdesmia arborea","TE","E"
"LIC1G2-LICAUR-Licania 'glablanca'",2985481,"Licania urceolaris","TC","T"
"LIC1H1-LICAHA-Licania harlingii",2985470,"Licania harlingii","TC","T"
"LIC1H2-LICAHI-Licania 'hipofuzzy'",2985250,"Licania","TC","T"
"LIC1IN-LICACA-Licania 'intermedia'",9988535,"Hymenopus caudatus","TM","M"
"LIC1LO-LICALG-Licania longipedicellata",10226841,"Moquilea longipedicellata","TU","U"
"LIC1NE-LICANE-Licania 'nervifina'",2985250,"Licania","TM","T"
"LIC1OP-LICAOP-Licania 'opaca'",2985250,"Licania","TM","M"
"LIC1ZI-LICAZI-Licania 'zigzag'",2985250,"Licania","TM","M"
"LIC2CA-LICRCA-Licaria cannella",7304725,"Licaria canella","TM","M"
"LINDPA-Lindackeria paludosa",3879608,"Lindackeria paludosa","TM","M"
"LONCGU-LONCSE-Lonchocarpus 'guil'",3907967,"Lonchocarpus seorsus","TC","T"
"LOR_A-Loranthaceae sp. A",2889864,"Phoradendron","EP",""
"LOR_AA-Loranthaceae sp. AA",7772421,"Phoradendron crassifolium","EP",""
"LOR_AE-Loranthaceae sp. AE",4000517,"Psittacanthus corynocephalus","EP",""
"LOR_G-Loranthaceae sp. G",6663,"Loranthaceae","EP",""
"LOR_N-Loranthaceae sp. N",7288086,"Oryctanthus","EP",""
"LOR_Z-Loranthaceae sp. Z",3232632,"Cladocolea","EP",""
"LOZAKL-Lozania klugii",3075435,"Lozania klugii","TU","U"
"LOZAME-LACINE-Lozania 'mediana'",3075394,"Lacistema nena","TM","M"
"LUNAPA-Lunania parviflora",3879038,"Lunania parviflora","TU","U"
"Lacistema",3075381,"Lacistema","",""
"Lacistemataceae",7524,"Lacistemataceae","",""
"Lacmellea",7316922,"Lacmellea","",""
"Lacunaria",3231148,"Lacunaria","",""
"Lafoensia",7286250,"Lafoensia","",""
"Lamiaceae",2497,"Lamiaceae","",""
"Lauraceae",6688,"Lauraceae","",""
"Lecointea",2965103,"Lecointea","",""
"Lecointea peruviana",2965105,"Lecointea peruviana","",""
"Lecythidaceae",3990,"Lecythidaceae","",""
"Leonia",3231302,"Leonia","",""
"Leretia",3596539,"Leretia","",""
"Licania",2985250,"Licania","",""
"Licaria",3033969,"Licaria","",""
"Lindackeria",7274185,"Lindackeria","",""
"Loganiaceae",2502,"Loganiaceae","",""
"Lonchocarpus",2968975,"Lonchocarpus","",""
"Loranthaceae",6663,"Loranthaceae","",""
"Lozania",3075434,"Lozania","",""
"Ludovia",5293109,"Ludovia","",""
"Lunania",2874167,"Lunania","",""
"Lythraceae",6684,"Lythraceae","",""
"MABECO-Mabea 'comun'",3071743,"Mabea","TU","U"
"MABESU-Mabea 'superbrondu'",3071743,"Mabea","TM","M"
"MAC1AN-MACRAN-Macrolobium angustifolium",2948867,"Macrolobium angustifolium","TC","T"
"MAC1YA-MACRYA-Macrolobium 'yasuni'",7743878,"Macrolobium","TU","U"
"MAC2RO-MACNRO-Macrocnemum roseum",2895641,"Macrocnemum roseum","TC","T"
"MACF_A-Macfadyena sp. A",6401165,"Dolichandra","CW",""
"MACHAR-Machaerium aristulatum",5355151,"Machaerium aristulatum","TC","T"
"MACHCU-Machaerium cuspidatum",5355114,"Machaerium cuspidatum","CW",""
"MACHFI-Machaerium 'finiparalel'",2959589,"Machaerium","SL","U&V"
"MACHFL-Machaerium floribundum",5354927,"Machaerium floribundum","CW",""
"MACHKE-Machaerium kegelii",5355165,"Machaerium kegelii","CW",""
"MACH_G-Machaerium sp. G",2959589,"Machaerium","CW",""
"MALACI-Malanea 'ciliata'",2906381,"Malanea ecuadorensis","CW",""
"MANIBR-Manihot brachyloba",3061115,"Manihot brachyloba","C?",""
"MANSPA-Mansoa parvifolia",4094378,"Mansoa parvifolia","CW",""
"MAN_A-Mandevilla sp. A",3169658,"Mandevilla","CH",""
"MAN_B-Mandevilla sp. B",3169658,"Mandevilla","CH",""
"MAQUCA-Maquira calophylla",3763735,"Maquira calophylla","TM","M"
"MAQUGU-Maquira guianensis",3763686,"Maquira guianensis","TM","M"
"MAR1CO-MARICO-Marila 'comun'",3189554,"Marila","TC","T"
"MAR2_B-Maripa sp. B",3234444,"Maripa","CW",""
"MARC_A-Marcgravia sp. A",3189414,"Marcgravia","HL",""
"MARC_F-Marcgravia sp. F",3189414,"Marcgravia","HL",""
"MARC_H-Marcgraviaceae sp. H",6643,"Marcgraviaceae","HL",""
"MARC_M-Marcgravia sp. M",6643,"Marcgraviaceae","HL",""
"MARGNO-Margaritaria nobilis",5383279,"Margaritaria nobilis","TM","M"
"MARK_A-Markea sp. A",7299864,"Markea","HL",""
"MARMBA-Marmaroxylon basijugum",5580511,"Zygia basijuga","TU","U"
"MASC_A-Mascagnia sp. A",7284941,"Mascagnia","CW",""
"MASC_B-Mascagnia sp. B",7284941,"Mascagnia","CW",""
"MASC_D-Mascagnia sp. D",7285093,"Mascagnia ovatifolia","CW",""
"MATA8-MATAOC-Matayba 'ocho'",3190011,"Matayba","TC","T"
"MATIBR-Matisia bracteolosa",4073984,"Matisia bracteolosa","TM","M"
"MATICO-Matisia cordata",4073924,"Matisia cordata","TC","T"
"MATILO-Matisia longiflora",4073800,"Matisia huallagensis","TM","M"
"MATIMA-Matisia malacocalyx",4073678,"Matisia malacocalyx","TM","M"
"MATIO1-MATIOQ-Matisia obliquifolia",4073657,"Matisia obliquifolia","TM","M"
"MATIO2-MATIOB-Matisia oblongifolia",4073648,"Matisia oblongifolia","TU","U"
"MAURFL-Mauritia flexuosa",5294777,"Mauritia flexuosa","TC","T"
"MAYNAN-Mayna 'anelio'",10864684,"Mayna yasuniana","SL","S"
"MAYNOD-Mayna odorata",3878638,"Mayna odorata","SL","S"
"MAYTCI-Maytenus 'cilindrica'",3169095,"Maytenus","TC","T"
"MAYTCU-Maytenus 'cuadliso'",3169095,"Maytenus","TM","M"
"MELIDO-Meliosma 'doly'",3033959,"Meliosma","TC","T"
"MELIVA-Meliosma vasquezii",3838328,"Meliosma vasquezii","TM","M"
"MEMOCL-Memora cladotricha",7452137,"Adenocalymma cladotrichum","TU","U"
"MENDGL-Mendonicia glomerata",8929320,"Mendoncia sericea","CW",""
"MENDRU-Mendoncia 'rug'",3772033,"Mendoncia pedunculata","CW",""
"MEND_C-Mendoncia sp. C",8924185,"Mendoncia hollenbergiae","CW",""
"MEND_D-Mendoncia sp. D",7263432,"Mendoncia","CW",""
"MEND_G-Mendoncia sp. G",7263432,"Mendoncia","CW",""
"MEND_H-Mendoncia sp. H",7263432,"Mendoncia","CW",""
"MEND_M-Mendoncia sp. M",7263432,"Mendoncia","CW",""
"MEND_N-Mendonica sp. N",7263432,"Mendoncia","CW",""
"MEND_O-Mendoncia sp. O",7263432,"Mendoncia","CW",""
"MEND_S-Mendoncia sp. S",7263432,"Mendoncia","CW",""
"MEN_T-Menispermaceae sp. T",2411,"Menispermaceae","C?",""
"MEN_U-Menispermaceae sp. U",2411,"Menispermaceae","C?",""
"MEN_W-Menispermaceae sp. W",3829928,"Sciadotenia toxifera","CW",""
"METAAL-Metalepis albiflora",3574537,"Cynanchum subpaniculatum","CW",""
"MICOBU-Miconia bubalina",8776463,"Miconia bubalina","SL","S"
"MICOD2-MICODE-Miconia decurrens",3868105,"Miconia decurrens","TM","M"
"MICOE1-MICOEL-Miconia elata",3866980,"Miconia elata","TM","M"
"MICOE2-MICOET-Miconia 'elatita'",3188558,"Miconia","SL","S"
"MICOFO-Miconia fosteri",3865941,"Miconia fosteri","SL","S"
"MICOG1-MICOGC-Miconia 'grancordata'",3188558,"Miconia","SL","S"
"MICOG2-MICOGR-Miconia grandifolia",8345499,"Miconia grandifolia","TU","U"
"MICOHE-HENRAS-Miconia 'henrietella'",3188527,"","TC","T"
"MICOLA-Miconia lamprophylla",3862893,"Miconia lamprophylla","SL","S"
"MICOMU-Miconia multispicata",3860116,"Miconia multispicata","TM","M"
"MICON1-MICONA-Miconia napoana",3859967,"Miconia napoana","TM","M"
"MICON2-MICONE-Miconia 'nerviblanco'",3188558,"Miconia","TM","M"
"MICON3-MICONV-Miconia nervosa",3859839,"Miconia nervosa","SL","S"
"MICOP1-MICOPE-Miconia 'peqdorada'",3188558,"Miconia","TU","U"
"MICOP2-MICOPO-Miconia poeppigii",3871048,"Miconia poeppigii","TM","M"
"MICOP4-MICOPT-Miconia pterocaulon",3870290,"Miconia pterocaulon","TU","U"
"MICOP6-MICOPU-Miconia 'purpono'",3188558,"Miconia","TU","U"
"MICOP7-MICOPI-Miconia pilgeriana",3867377,"Miconia dolichorrhyncha","TM","M"
"MICOSC-Miconia schunkei",3867489,"Miconia schunkei","SL","S"
"MICOT2-MICOTI-Miconia 'tipica'",3188558,"Miconia","TU","U"
"MICRCA-POUTRB-Micropholis 'carlos'",2884675,"Pouteria cuspidata","TC","T"
"MICRGU-MICRDU-Micropholis guyanensis",5333948,"Micropholis guyanensis","TC","T"
"MICRME-MICREG-Micropholis melinoniana",5333916,"Micropholis egensis","TM","M"
"MICRMI-MICRBR-Micropholis 'mini'",5333921,"Micropholis brochidodroma","TC","T"
"MICRVE-Micropholis venulosa",5333937,"Micropholis venulosa","TC","T"
"MIKAAN-Mikania 'anchaliza'",7722389,"Mikania","CW",""
"MIKADO-Mikania 'dorata'",7722389,"Mikania","CW",""
"MIMOMY-Mimosa myriadenia",7266010,"Mimosa myriadenia","CS",""
"MIMOPU-Mimosa pudica",2969284,"Mimosa pudica","XT",""
"MINQGU-Minquartia guianensis",3686157,"Minquartia guianensis","TC","T"
"MOL1GR-MOLIGR-Mollia gracilis",5705981,"Mollia gracilis","TC","T"
"MOL2KI-MOLLKI-Mollinedia killipii",3782326,"Mollinedia killipii","SL","S"
"MOL2SP-MOLLSP-Mollinedia 'spinilarga'",3034105,"Mollinedia","TU","U"
"MOL2TO-MOLLTO-Mollinedia tomentosa",3783010,"Mollinedia tomentosa","TM","M"
"MONO_J-Monolena sp. J",3863124,"Monolena primuliflora","XT",""
"MONSOB-Monstera obliqua",2868185,"Monstera obliqua","HV",""
"MOURG1-MOURGC-Mouriri 'grancoala'",3188623,"Mouriri","SL","S"
"MOURG2-MOURGR-Mouriri grandiflora",3870549,"Mouriri grandiflora","TM","M"
"MOURIN-Mouriri 'intermedia'",3188623,"Mouriri","TC","T"
"MOURMY-Mouriri myrtilloides",3870233,"Mouriri myrtilloides","TM","T"
"MOUROP-MOURAC-Mouriri 'opaquita'",3871067,"Mouriri acutiflora","TC","T"
"MOUTAC-Moutabea aculeata",4051535,"Moutabea aculeata","CW",""
"MUCU_A-Mucuna sp. A",2951351,"Mucuna","CW",""
"MUCU_B-Mucuna sp. B",2951351,"Mucuna","CW",""
"MYR1P2-MYRCPL-Myrcia 'platatomen'",3173889,"Myrcia","SL","M"
"MYR1RO-MYRCSP-Myrcia 'rosadita'",3174691,"Myrcia splendens","TU","U"
"MYR2AM-MYRRAM-Myrciaria amazonica",3186420,"Myrciaria floribunda","SL","S"
"MYR2IN-MYRRIN-Myrciaria 'intermed'",3186407,"Myrciaria","TM","M"
"MYR3BA-MYROBA-Myroxylum balsamum",5357190,"Myroxylon balsamum","TC","T"
"Mabea",3071743,"Mabea","",""
"Macfadyena",6401165,"Dolichandra","",""
"Machaerium",2959589,"Machaerium","",""
"Macrocnemum",2895624,"Macrocnemum","",""
"Macrolobium",7743878,"Macrolobium","",""
"Macropsychanthus",2974520,"Macropsychanthus","",""
"Malanea",2906349,"Malanea","",""
"Malpighiaceae",6676,"Malpighiaceae","",""
"Malvaceae",6685,"Malvaceae","",""
"Mandevilla",3169658,"Mandevilla","",""
"Manihot",3060685,"Manihot","",""
"Mansoa",3172602,"Mansoa","",""
"Maquira",7262473,"Maquira","",""
"Marantaceae",8784,"Marantaceae","",""
"Marcgravia",3189414,"Marcgravia","",""
"Marcgraviaceae",6643,"Marcgraviaceae","",""
"Margaritaria",8016408,"Margaritaria","",""
"Marila",3189554,"Marila","",""
"Maripa",3234444,"Maripa","",""
"Markea",7299864,"Markea","",""
"Marmaroxylon",2939650,"Zygia","",""
"Mascagnia",7284941,"Mascagnia","",""
"Matayba",3190011,"Matayba","",""
"Matisia",7296118,"Matisia","",""
"Mauritia",8413640,"Mauritia","",""
"Mayna",7274118,"Mayna","",""
"Maytenus",3169095,"Maytenus","",""
"Melastomataceae",6683,"Melastomataceae","",""
"Meliaceae",2397,"Meliaceae","",""
"Melicoccus",3189989,"Melicoccus","",""
"Melicocus",3189989,"Melicoccus","",""
"Meliosma",3033959,"Meliosma","",""
"Melothria",2874549,"Melothria","",""
"Memora",6401106,"Adenocalymma","",""
"Mendoncia",7263432,"Mendoncia","",""
"Mendonica",7263432,"Mendoncia","",""
"Mendonicia",7263432,"Mendoncia","",""
"Menispermaceae",2411,"Menispermaceae","",""
"Mespilodaphne",7304101,"Mespilodaphne","",""
"Metalepis",3170354,"Cynanchum","",""
"Metteniusaceae",4898632,"Metteniusaceae","",""
"Miconia",3188558,"Miconia","",""
"Microdesmia",9705633,"Microdesmia","",""
"Micropholis",2887381,"Micropholis","",""
"Mikania",7722389,"Mikania","",""
"Mimosa",2969235,"Mimosa","",""
"Minquartia",7326522,"Minquartia","",""
"Mollia",3233956,"Mollia","",""
"Mollinedia",3034105,"Mollinedia","",""
"Monimiaceae",2494,"Monimiaceae","",""
"Monolena",3857610,"Monolena","",""
"Monstera",2868125,"Monstera","",""
"Moquilea",7335164,"Moquilea","",""
"Moraceae",6640,"Moraceae","",""
"Mouriri",3188623,"Mouriri","",""
"Moutabea",4051440,"Moutabea","",""
"Mucuna",2951351,"Mucuna","",""
"Myrcia",3173889,"Myrcia","",""
"Myrciaria",3186407,"Myrciaria","",""
"Myristicaceae",2439,"Myristicaceae","",""
"Myroxylon",7362006,"Myroxylon","",""
"Myroxylum",3973814,"Myroxylum","",""
"Myrsinaceae",6674,"Primulaceae","",""
"Myrtaceae",5014,"Myrtaceae","",""
"NAUCK2-NAUCKR-Naucleopsis 'kv-krukovii'",3767133,"Naucleopsis krukovii","TM","U"
"NAUCK3-NAUCKR-Naucleopsis 'kv-roja'",3767133,"Naucleopsis krukovii","TM","U"
"NAUCUL-Naucleopsis ulei",7262829,"Naucleopsis ulei","TC","T"
"NECTL1-NECTLA-Nectandra 'largibrachi'",3034018,"Nectandra","TC","T"
"NECTL3-NECTLI-Nectandra lineata",5685105,"Nectandra lineata","TM","T"
"NECTME-Nectandra membranacea",5371736,"Nectandra membranacea","TC","T"
"NECTOP-Nectandra oppositifolia",7304727,"Nectandra oppositifolia","TC","T"
"NECTVI-Nectandra viburnoides",5685707,"Nectandra viburnoides","TM","T"
"NECTYA-NECTGR-Nectandra yarinensis cf",3034018,"Nectandra","TM","M"
"NEEAA2-NEEAAG-Neea 'angostintersec'",3086079,"Neea","TM","M"
"NEEAA3-NEEAAN-Neea 'aniboid'",3086079,"Neea","TU","U"
"NEEAAL-Neea 'altomini'",3086079,"Neea","TU","U"
"NEEABA-Neea 'bajio'",3086079,"Neea","TU","U"
"NEEACO-Neea 'comun'",3086079,"Neea","TM","M"
"NEEAGA-Neea 'garci'",3086079,"Neea","TC","T"
"NEEAGR-Neea 'granredonda'",3086079,"Neea","TU","U"
"NEEAM2-NEEAMI-Neea 'mini'",3086079,"Neea","SL","S"
"NEEAPA-Neea 'paty'",3086079,"Neea","SL","S"
"NEEAPO-Neea 'popular'",3086079,"Neea","TU","U"
"NEEASU-Neea 'supercrasa'",3086079,"Neea","TC","T"
"NEEATE-NEEACL-Neea 'tela'",3086079,"Neea","SL","M"
"NORAGU-Norantea guianensis",7275886,"Norantea guianensis","HL",""
"NOTOMA-Notopleura macrophylla",5336711,"Notopleura macrophylla","SL","S"
"Naucleopsis",7262533,"Naucleopsis","",""
"Nectandra",3034018,"Nectandra","",""
"Neea",3086079,"Neea","",""
"Norantea",7275870,"Norantea","",""
"Notopleura",2901654,"Notopleura","",""
"Nyctaginaceae",6718,"Nyctaginaceae","",""
"OCHRPY-Ochroma pyramidale",3152240,"Ochroma pyramidale","TM","M"
"OCOTAL-Ocotea 'alamembra'",3034076,"Ocotea","TC","T"
"OCOTBA-Ocotea 'bayelshmi'",3034076,"Ocotea","TC","T"
"OCOTBO-Ocotea bofo",7359337,"Ocotea bofo","TC","T"
"OCOTCE-Ocotea cernua",4179703,"Ocotea leptobotra","TM","M"
"OCOTFL-Ocotea floribunda",3034082,"Ocotea floribunda","TM","M"
"OCOTLO-Ocotea longifolia",4183107,"Mespilodaphne opifera","TM","M"
"OCOTLU-Ocotea 'luis'",3034076,"Ocotea","TC","T"
"OCOTMI-OCOTOB-Ocotea 'minialata'",7304263,"Ocotea oblonga","TU","U"
"OCOTYA-NECTLA-Ocotea 'yasuni'",3034076,"Ocotea","TC","T"
"ODO1_A-Odontocarya sp. A",7268633,"Odontocarya","C?",""
"ODO1_C-Odontocarya cf. sp. C",7268633,"Odontocarya","C?",""
"ODONPU-Odontadenia puncticulosa",3616386,"Odontadenia puncticulosa","CW",""
"ODON_A-Odontodenia sp. A",7316739,"Odontadenia","CW",""
"ODON_B-Odontodenia sp. B",7316739,"Odontadenia","CW",""
"OENOBA-Oenocarpus bataua",2735462,"Oenocarpus bataua","TC","T"
"OENOMA-Oenocarpus mapora",2735446,"Oenocarpus mapora","TM","M"
"OMPH_A-Omphalea sp. A",3062246,"Omphalea diandra","CW",""
"OPHIHE-Ophiocaryon heterophyllum",3838457,"Ophiocaryon heterophyllum","TU","U"
"ORC_A-Orchidaceae sp. A",7689,"Orchidaceae","EH",""
"ORC_B-Orchidaceae sp. B",7689,"Orchidaceae","EH",""
"ORC_C-Orchidaceae sp. C",7689,"Orchidaceae","EH",""
"ORC_D-Orchidaceae sp. D",7689,"Orchidaceae","EH",""
"ORC_D2-Orchidaceae sp. D2",7689,"Orchidaceae","EH",""
"ORC_D3-Orchidaceae sp. D3",7689,"Orchidaceae","EH",""
"ORC_E-Orchidaceae sp. E",7689,"Orchidaceae","EH",""
"ORC_F-Orchidaceae sp. F",7689,"Orchidaceae","EH",""
"ORC_F2-Orchidaceae sp. F2",7689,"Orchidaceae","EH",""
"ORC_G-Orchidaceae sp. G",7689,"Orchidaceae","EH",""
"ORC_H-Orchidaceae sp. H",7689,"Orchidaceae","EH",""
"ORC_I-Orchidaceae sp. I",7689,"Orchidaceae","EH",""
"ORC_J-Orchidaceae sp. J",7689,"Orchidaceae","EH",""
"ORC_K-Orchidaceae sp. K",7689,"Orchidaceae","EH",""
"ORC_L-Orchidaceae sp. L",7689,"Orchidaceae","EH",""
"ORC_M-Orchidaceae sp. M",7689,"Orchidaceae","EH",""
"ORC_N-Orchidaceae sp. N",7689,"Orchidaceae","EH",""
"ORC_O-Orchidaceae sp. O",7689,"Orchidaceae","EH",""
"ORC_P-Orchidaceae sp. P",7689,"Orchidaceae","EH",""
"ORC_Q-Orchidaceae sp. Q",7689,"Orchidaceae","EH",""
"ORC_R-Orchidaceae sp. R",7689,"Orchidaceae","EH",""
"ORC_S-Orchidaceae sp. S",7689,"Orchidaceae","EH",""
"ORC_T-Orchidaceae sp. T",7689,"Orchidaceae","EH",""
"ORC_U-Orchidaceae sp. U",7689,"Orchidaceae","EH",""
"ORC_V-Orchidaceae sp. V",7689,"Orchidaceae","EH",""
"ORMOPA-Ormosia paraensis",5355583,"Ormosia paraensis","TC","T"
"ORMO_B-Ormosia sp. B",2960439,"Ormosia","T?",""
"OSSABO-Ossaea boliviensis",10759109,"Miconia violascens","SL","S"
"OTOBGL-Otoba glycycarpa",3743774,"Otoba glycycarpa","TC","T"
"OURAFL-Ouratea 'flaquita'",3189667,"Ouratea","TU","U"
"OXANME-Oxandra mediocris",3154783,"Oxandra mediocris","TM","M"
"OXANRI-Oxandra riedeliana",3154743,"Oxandra riedeliana","TM","M"
"Ochnaceae",6642,"Ochnaceae","",""
"Ochroma",3152238,"Ochroma","",""
"Ocotea",3034076,"Ocotea","",""
"Odontadenia",7316739,"Odontadenia","",""
"Odontocarya",7268633,"Odontocarya","",""
"Odontodenia",7316739,"Odontadenia","",""
"Oenocarpus",2735438,"Oenocarpus","",""
"Olacaceae",6662,"Olacaceae","",""
"Omphalea",3062195,"Omphalea","",""
"Ophiocaryon",10721532,"Ophiocaryon","",""
"Opiliaceae",3232649,"Opiliaceae","",""
"Orchidaceae",7689,"Orchidaceae","",""
"Ormosia",2960439,"Ormosia","",""
"Oryctanthus",7288086,"Oryctanthus","",""
"Ossaea",3188626,"Ossaea","",""
"Otoba",7333703,"Otoba","",""
"Ouratea",3189667,"Ouratea","",""
"Oxandra",3154735,"Oxandra","",""
"PACHAQ-PACHPU-Pachira aquatica",4073636,"Pachira punga-schunkei","TM","M"
"PACHIN-Pachira insignis",3152236,"Pachira insignis","TC","T"
"PALIGR-Palicourea grandiflora",2898941,"Palicourea grandiflora","SL","S"
"PALIGU-Palicourea guianensis",2898772,"Palicourea guianensis","SL","S"
"PALINI-Palicourea nigricans",2898690,"Palicourea nigricans","SL","S"
"PARABR-PARASU-Paradrypetes 'brillaspin'",3917295,"Paradrypetes subintegrifolia","TM","M"
"PARADA-Paradrymonia darienensis cf",10809954,"Trichodrymonia darienensis","EH",""
"PARKBA-Parkia balslevii",5348841,"Parkia balslevii","TC","T"
"PARKMU-Parkia multijuga",5348884,"Parkia multijuga","TE","E"
"PARKNI-Parkia nitida",5348833,"Parkia nitida","TE","E"
"PARKVE-Parkia velutina",5348846,"Parkia velutina","TC","T"
"PASSAU-Passiflora auriculata",3587589,"Passiflora auriculata","CW",""
"PASSSP-Passiflora spinosa",3588360,"Passiflora spinosa","CW",""
"PASS_C-Passiflora sp. C",2874172,"Passiflora","CW",""
"PATIPA-Patinoa paraensis",4073396,"Patinoa paraensis","TM","M"
"PAULB1-Paullinia bracteosa",7264749,"Paullinia eriocarpa","CW",""
"PAULCA-Paullinia 'canal' cf",3189948,"Paullinia","CW",""
"PAULDE-Paullinia 'delgado'",3189948,"Paullinia","CW",""
"PAULMI-Paullinia microneura",3788401,"Paullinia microneura","CW",""
"PAULPA-Paullinia pachycarpa",3788116,"Paullinia pachycarpa","CW",""
"PAULPS-Paullinia 'pseudoalsmithii'",3189948,"Paullinia","CW",""
"PAULRE-Paullinia reticulata (sp. G)",3787866,"Paullinia reticulata","CW",""
"PAULRU-Paullinia rufescens",3787753,"Paullinia rufescens","CW",""
"PAULSI-Paullinia simulans",3787608,"Paullinia simulans","CW",""
"PAULSP-Paullinia spucei",3787501,"Paullinia sprucei","CW",""
"PAULTR-Paullinia tricornis",3787216,"Paullinia tricornis","CW",""
"PAUL_B-Paullinia sp. B",3785287,"Paullinia bilobulata","CW",""
"PAUL_D-Paullinia sp. D",7898345,"Paullinia hispida","CW",""
"PAUL_E-Paullinia sp. E",3784478,"Paullinia fissistipula","CW",""
"PAUL_H-Paullinia sp. H",3189948,"Paullinia","CW",""
"PAUL_M-Paullinia sp. M",3189948,"Paullinia","CW",""
"PAUL_R-Paullinia sp. R",3189948,"Paullinia","CW",""
"PAUL_S-Paullinia sp. S",3784576,"Paullinia faginea","CW",""
"PAUL_T-Paullinia sp. T",3189948,"Paullinia","CW",""
"PAUL_U-Paullinia sp. U",3189948,"Paullinia","CW",""
"PAUL_V-Paullinia sp. V",3189948,"Paullinia","CW",""
"PAUL_Z-Paullinia sp. Z",3785522,"Paullinia alsmithii","CW",""
"PAUSTR-Pausandra trianae",3075100,"Pausandra trianae","TU","U"
"PEN1ME-PENTWU-Pentagonia 'mediana'",5334752,"Pentagonia spathicalyx","TM","M"
"PEN1PA-PENTPA-Pentagonia parvifolia",5334738,"Pentagonia amazonica","TC","T"
"PEN1SU-PENTSU-Pentagonia 'subauric'",2893500,"Pentagonia","SL","S"
"PEPEMA-Peperomia macrostachya",7787466,"Peperomia macrostachyos","EH",""
"PEPESE-Peperomia serpens",7727798,"Peperomia serpens","EH",""
"PEPE_O-Peperomia sp. O",3086367,"Peperomia","EH",""
"PEPE_P-Peperomia sp. P",3086367,"Peperomia","EH",""
"PERADU-Pera 'duguet'",3231319,"Pera","TC","T"
"PEREAN-Perebea angustifolia",3765858,"Perebea angustifolia","TM","M"
"PEREGU-Perebea guianensis",7262696,"Perebea guianensis","TM","M"
"PEREMO-Perebea mollis",7262684,"Perebea mollis","TC","T"
"PERETE-Perebea tessmannii",7262670,"Perebea tessmannii","TC","T"
"PEREXA-Perebea xanthochyma",3765422,"Perebea xanthochyma","TM","U"
"PERIMA-Peritassa 'mab'",3793233,"Peritassa pruinosa","CW",""
"PERSPS-Persea pseudofasciculata",7304434,"Persea pseudofasciculata","TC","T"
"PETRMA-Petrea maynensis",4085225,"Petrea maynensis","CW",""
"PHILPL-Philodendron 'platypodium'",2861312,"Philodendron","HV",""
"PHIL_A-Philodendron sp. A",2861312,"Philodendron","HV",""
"PHIL_B-Philodendron sp. B",2861312,"Philodendron","HV",""
"PHY2RI-Phytyolacca rivenoides",3084014,"Phytolacca rivinoides","XT",""
"PHYTTE-Phytelephas tenuicaulis",2736286,"Phytelephas tenuicaulis","TU","U"
"PICRMI-Picramnia 'mini'",8118842,"Picramnia","TU","U"
"PICRSE-Picramnia sellowii",3709163,"Picramnia spruceana","TU","U"
"PINZCO-Pizona coriacea",3083490,"Pinzona coriacea","CW",""
"PIPEAU-Piper augustum",7305990,"Piper augustum","SL","S"
"PIPEB2-PIPEBF-Piper bellidifolium",4189329,"Piper bellidifolium","SL","S"
"PIPEBE-Piper 'bellidi'",3075433,"Piper","SL","S"
"PIPEFU-Piper 'fuzicort'",3075433,"Piper","SL","S"
"PIPEMI-Piper 'minibroqui'",3075433,"Piper","SL","S"
"PIPENE-Piper 'nervi'",3075433,"Piper","SL","S"
"PIPEO1-PIPEOC-Piper 'obchic'",3075433,"Piper","SL","S"
"PIPEO5-PIPEOV-Piper 'obvil'",3075433,"Piper","SL","S"
"PIPER2-PIPERE-Piper 'renato'",3075433,"Piper","SL","S"
"PIPESC-Piper 'scab'",3086355,"Piper hispidum","SL","S"
"PIPESE-Piper 'sesivil'",3075433,"Piper","SL","S"
"PIPTAN-Piptadenia anolidurus",2951816,"Piptadenia anolidurus","CW",""
"PIPTAR-PIPTPT-Piptadenia 'arbol'",2951808,"Piptadenia pteroclada","TC","T"
"PIPTUA-Piptadenia uaupensis",2951819,"Piptadenia uaupensis","CW",""
"PIPT_A-Piptadenia sp. A",2951753,"Piptadenia","-",""
"PIPT_D-Piptadenia sp. D",2951753,"Piptadenia","-",""
"PIPT_E-Piptadenia sp. E",2951753,"Piptadenia","-",""
"PITH_A-Pithecoctinium sp. A",4931838,"Amphilophium crucigerum","CW",""
"PLA1ST-PLATST-Platymiscium stipulare",2944751,"Platymiscium stipulare","TC","T"
"PLEUBI-Pleurothyrium bifidum",5685848,"Pleurothyrium bifidum","TU","T"
"PLEUCU-Pleurothyrium cuneifolium",5685814,"Pleurothyrium cuneifolium","TC","T"
"PLEUGL-Pleurothyrium 'glabiflorum'",5685796,"Pleurothyrium glabrifolium","TC","T"
"PLINCO-Plinia 'cortezablanca'",7982334,"Myrciaria racemosa","TC","T"
"PLINPS-Plinia 'pseudomouriri'",3173680,"Plinia","SL","M"
"PLUK_A-Plukenetia sp. A",3070698,"Plukenetia","CW",""
"POA1_A-Poaceae sp. A",3073,"Poaceae","XT",""
"POSOLA-Posoqueria latifolia",2893899,"Posoqueria latifolia","TM","M"
"POTARE-Potalia resinifera",4019684,"Potalia resinifera","SL","S"
"POULAR-Poulsenia armata",5570848,"Poulsenia armata","TC","T"
"POURBI-Pourouma bicolor",7316430,"Pourouma bicolor","TC","T"
"POURDE-Pourouma 'deeplob'",7316388,"Pourouma","TC","T"
"POURMI-Pourouma minor",4013658,"Pourouma minor","TC","T"
"POURPE-POURTO-Pourouma 'persecta'",4013326,"Pourouma tomentosa persecta","TC","T"
"POURTO-Pourouma tomentosa",7316412,"Pourouma tomentosa tomentosa","TC","T"
"POURWI-POURGU-Pourouma 'wintergreen'",7316407,"Pourouma guianensis","TC","T"
"POUTA3-POUTDU-Pouteria 'ancharoja'",2884848,"Pouteria durlandii","TC","T"
"POUTA4-POUTAC-Pouteria  'angostacili'",2884510,"Pouteria guianensis","TC","T"
"POUTA5-POUTAP-Pouteria 'angostaloopy'",2884049,"Pouteria","TC","T"
"POUTBA-Pouteria baehniana",2884661,"Pouteria baehniana","TM","M"
"POUTDU-POUTGR-Pouteria 'dullmed'",2884662,"Pouteria gracilis","TC","T"
"POUTFA-POUTBI-Pouteria 'falsacraselip'",2884964,"Pouteria bilocularis","TU","U V"
"POUTKR-Pouteria krukovii",2884893,"Pouteria krukovii","TC","T"
"POUTP1-POUTPE-Pouteria 'peciolote'",2884049,"Pouteria","SL","S"
"POUTP2-POUTGM-Pouteria 'platafina'",2884079,"Pouteria glomerata","TM","M"
"POUTP3-POUTPL-Pouteria platyphylla",2884374,"Pouteria platyphylla","TM","M"
"POUTP4-POUTPR-Pouteria procera",2884909,"Pouteria procera","TC","T"
"POUTRE-POUTRD-Pouteria 'redondita'",2884049,"Pouteria","TC","T"
"POUTRO-Pouteria rostrata",2884141,"Pouteria rostrata","TC","T"
"POUTSM-Pouteria 'smedobov'",2884049,"Pouteria","TE","E"
"POUTT1-POUTTO-Pouteria 'tortachica'",2884049,"Pouteria","TM","M"
"POUTT2-POUTTC-Pouteria 'tortachicorden'",2884049,"Pouteria","TC","T"
"POUTT3-POUTTU-Pouteria 'tortagrande'",2884510,"Pouteria guianensis","TU","U"
"POUTT6-POUTTU-Pouteria 'tuberculata'",2884813,"Pouteria torta tuberculata","TM","U"
"POUTVE-Pouteria vernicosa",2884494,"Pouteria vernicosa","TC","T"
"POUT_V-Pouteria sp. V",2884049,"Pouteria","T?",""
"POUT_Y-Pouteria sp. Y",2884049,"Pouteria","T?",""
"PRESSC-Prestoea schultzeana",2738938,"Prestoea schultzeana","TU","S"
"PRISNE-Pristimera nervosa",3791376,"Pristimera nervosa","CW",""
"PROTAM-Protium amazonicum",3992544,"Protium amazonicum","TC","T"
"PROTAR-Protium aracouchini",7286738,"Protium aracouchini","TM","M"
"PROTBR-Protium 'brillanodu'",7286732,"Protium","TC","T"
"PROTGL-Protium glabrescens",3993224,"Protium glabrescens","TC","T"
"PROTGR-Protium 'grannodu'",7286732,"Protium","TC","T"
"PROTGU-Protium guianense",3993081,"Protium guianense","TM","M"
"PROTNO-Protium nodulosum",3994070,"Protium nodulosum","TC","T"
"PROTSA-Protium sagotianum",3993226,"Protium sagotianum","TC","T"
"PRUNDE-Prunus debilis",3022573,"Prunus debilis","TC","T"
"PSE1L1-PSEULA-Pseudolmedia laevigata",3764182,"Pseudolmedia laevigata","TC","T"
"PSE1L2-PSEULS-Pseudolmedia laevis",3764170,"Pseudolmedia laevis","TC","T"
"PSE1MC-PSEUMA-Pseudolmedia macrophylla",3764164,"Pseudolmedia macrophylla","TC","T"
"PSE1RI-PSEURI-Pseudolmedia rigida",3764033,"Pseudolmedia rigida eggersii","TC","T"
"PSE2DI-PSEDDI-Pseudomalmea diclina",3153991,"Pseudomalmea diclina","TC","T"
"PSE3SU-PSEPSU-Pseudopiptadenia suaveolens",3795236,"Pseudopiptadenia suaveolens","TE","E"
"PSYCBA-PSYCHO-Psychotria 'baijo'",8095300,"Palicourea hoffmannseggiana","SL","S"
"PSYCBO-Psychotria borjensis",2923810,"Psychotria sacciformis","SL","S"
"PSYCDR-Psychotria 'dracula'",2919963,"Psychotria","SL","S"
"PSYCHU-Psychotria huampamiensis",8860949,"Palicourea huampamiensis","SL","S"
"PSYCMI-Psychotria m***",2919963,"Psychotria","",""
"PSYCON-Psychotria 'ondulada'",2923890,"Psychotria romolerouxiana","SL","S"
"PSYCP1-Psychotria polyphlebia",5336708,"Notopleura polyphlebia","SS",""
"PSYCPO-Psychotria poeppigiana",7866160,"Palicourea tomentosa","SL","S"
"PSYCRE-Psychotria remota",2920637,"Psychotria remota","SL","S"
"PSYCRO-Psychotria 'robin'",2922399,"Psychotria tenuifolia","SL","S"
"PSYCST-Psychotria stenostachya",9332072,"Palicourea stenostachya","SL","S"
"PSYCVI-Psychotria viridis",2921300,"Psychotria viridis","SL","S"
"PSYC_D-Psychotria sp. D",2919963,"Psychotria","S?",""
"PSYC_E-PSYCBR-Psychotria sp. E",10232993,"Palicourea gracilenta","SL","S"
"PSYC_F-Psychotria sp. F",2894778,"Guettarda comata","CW",""
"PSYC_G-Psychotria sp. G",2919963,"Psychotria","S?",""
"PSYC_H-Psychotria sp. H",2919963,"Psychotria","S?",""
"PSYC_U-Psychotria sp. U",2919963,"Psychotria","S?",""
"PSYC_V-Psychotria sp. V",2919963,"Psychotria","S?",""
"PSYC_X-Psychotria sp. X",2919963,"Psychotria","S?",""
"PTERRH-Pterocarpus 'rhor'",5349322,"Pterocarpus rohrii","TC","T"
"Pachira",3152234,"Pachira","",""
"Palicourea",2898662,"Palicourea","",""
"Paradrymonia",3233476,"Paradrymonia","",""
"Paradrypetes",7276072,"Paradrypetes","",""
"Parkia",2943936,"Parkia","",""
"Passiflora",2874172,"Passiflora","",""
"Passifloraceae",2378,"Passifloraceae","",""
"Patinoa",7296155,"Patinoa","",""
"Paullinia",3189948,"Paullinia","",""
"Pausandra",3075099,"Pausandra","",""
"Pentagonia",2893500,"Pentagonia","",""
"Peperomia",3086367,"Peperomia","",""
"Pera",3231319,"Pera","",""
"Peraceae",4896765,"Peraceae","",""
"Perebea",7262669,"Perebea","",""
"Peritassa",7265649,"Peritassa","",""
"Persea",3034041,"Persea","",""
"Petiveriaceae",4923867,"Petiveriaceae","",""
"Petrea",2925535,"Petrea","",""
"Philodendron",2861312,"Philodendron","",""
"Phoradendron",2889864,"Phoradendron","",""
"Phyllanthaceae",8807,"Phyllanthaceae","",""
"Phytelephas",2736285,"Phytelephas","",""
"Phytolacca",3084013,"Phytolacca","",""
"Phytolaccaceae",2516,"Phytolaccaceae","",""
"Phytyolacca",3084013,"Phytolacca","",""
"Picramnia",8118842,"Picramnia","",""
"Picramniaceae",3694522,"Picramniaceae","",""
"Pinzona",3083489,"Pinzona","",""
"Piparea",7274133,"Piparea","",""
"Piper",3075433,"Piper","",""
"Piperaceae",6678,"Piperaceae","",""
"Piptadenia",2951753,"Piptadenia","",""
"Pithecoctinium",3172473,"Pithecoctenium","",""
"Platymiscium",2944717,"Platymiscium","",""
"Pleurothyrium",10738820,"Pleurothyrium","",""
"Plinia",3173680,"Plinia","",""
"Plukenetia",3070698,"Plukenetia","",""
"Poaceae",3073,"Poaceae","",""
"Polygalaceae",2417,"Polygalaceae","",""
"Polygonaceae",2416,"Polygonaceae","",""
"Posoqueria",2893876,"Posoqueria","",""
"Potalia",7289361,"Potalia","",""
"Poulsenia",3234567,"Poulsenia","",""
"Pourouma",7316388,"Pourouma","",""
"Pouteria",2884049,"Pouteria","",""
"Preslianthus",8108711,"Preslianthus","",""
"Prestoea",2738937,"Prestoea","",""
"Primulaceae",6674,"Primulaceae","",""
"Pristimera",3169112,"Pristimera","",""
"Protium",7286732,"Protium","",""
"Prunus",3020559,"Prunus","",""
"Pseudolmedia",2984542,"Pseudolmedia","",""
"Pseudomalmea",3153990,"Pseudomalmea","",""
"Pseudopiptadenia",2952898,"Pseudopiptadenia","",""
"Psittacanthus",7287854,"Psittacanthus","",""
"Psychotria",2919963,"Psychotria","",""
"Pterocarpus",5349236,"Pterocarpus","",""
"Putranjivaceae",8808,"Putranjivaceae","",""
"QUALPA-Qualea paraensis",4030655,"Qualea paraensis","TC","T"
"QUARSE-Quararibea 'sesiblanca'",3152231,"Quararibea","TC",""
"QUIIFL-Quiina florida",3986487,"Quiina florida","TM","M"
"QUIIG1-QUIIGR-Quiina 'grande'",7285768,"Quiina","TM","M"
"QUIIJE-LACUJE-Quiina jenmanii",7939053,"Lacunaria jenmanii","TM","M"
"Qualea",7288308,"Qualea","",""
"Quararibea",3152231,"Quararibea","",""
"Quiina",7285768,"Quiina","",""
"Quiinaceae",3986433,"Quiinaceae","",""
"RANDGO-Randia 'gorki'",5339445,"Randia armata","SL","S"
"RAND_A-Randia sp. A",5339385,"Randia altiscandens","CW",""
"RAUVVE-RAUVPR-Rauvolfia 'vertichica'",7580047,"Rauvolfia praecox","TC","T"
"RHODJU-Rhodostemonodaphne juruensis",4179152,"Rhodostemonodaphne juruensis","TC","T"
"RHODKU-Rhodostemonodaphne kunthiana",4179128,"Rhodostemonodaphne kunthiana","TC","T"
"RHODLI-Rhodostemonodaphne licanioides",4179082,"Rhodostemonodaphne licanioides","SL","S"
"RHYN_A-Rhynchosia sp. A",2947992,"Rhynchosia","C?",""
"RICHRA-Richeria racemosa",7066948,"Richeria grandis","TM","M"
"RINOAP-Rinorea apiculata",10967984,"Bribria apiculata","TM","M"
"RINOLI-Rinorea lindeniana",7296368,"Rinorea lindeniana","TU","U"
"RINOVI-Rinorea viridifolia",4076980,"Rinorea viridifolia","TU","U"
"ROEN_A-Roentgenia sp. A",3172515,"Bignonia","CW",""
"ROLLCH-Rollinia chrysocarpa",5541619,"Annona neochrysocarpa","SL","S"
"ROLLCU-Rollinia cuspidata",5541639,"Annona glomerulifera","TU","U"
"ROLLPA-ROLLDO-Rollinia 'palida'",5541645,"Annona dolichopetala","TM","M"
"ROLLPI-Rollinia pittieri",5541609,"Annona papilionella","TC","T"
"ROUR_A-Rourea sp. A",3032534,"Rourea","CW",""
"RUAGIN-Ruagea insignis",3851374,"Ruagea insignis","TM","M"
"RUB_Q-Psychotria sp. Q",2919963,"Psychotria","-",""
"RUDGM1-Rudgea 'micro'",2910457,"Rudgea","SS",""
"RUDGMI-RUDGJA-Rudgea 'mini'",2910777,"Rudgea panurensis","SL","S"
"RUIZOV-Ruizodendron ovale",3154066,"Ruizodendron ovale","TC","T"
"RYANSP-Ryania speciosa",7342747,"Ryania speciosa","TU","U"
"Randia",2911655,"Randia","",""
"Rauvolfia",3169769,"Rauvolfia","",""
"Rhamnaceae",2407,"Rhamnaceae","",""
"Rhizophoraceae",6671,"Rhizophoraceae","",""
"Rhodostemonodaphne",7304348,"Rhodostemonodaphne","",""
"Rhynchosia",2947992,"Rhynchosia","",""
"Richeria",3075271,"Richeria","",""
"Rinorea",7296208,"Rinorea","",""
"Roentgenia",3172515,"Bignonia","",""
"Rollinia",3155252,"Annona","",""
"Rosaceae",5015,"Rosaceae","",""
"Rourea",3032534,"Rourea","",""
"Ruagea",7271362,"Ruagea","",""
"Rubiaceae",8798,"Rubiaceae","",""
"Rudgea",2910457,"Rudgea","",""
"Ruizodendron",3154065,"Ruizodendron","",""
"Rutaceae",2396,"Rutaceae","",""
"Ryania",3231223,"Ryania","",""
"SAGORA-Sagotia racemosa",5377870,"Sagotia racemosa","TM","M"
"SALAAT-Salacia 'atenucrasa'",3169160,"Salacia","TU","U"
"SALASU-Salacia 'supernervi'",3169160,"Salacia","CW",""
"SAPIPR-Sapium 'primero'",5379830,"Sapium","TC","T"
"SAPIRE-Sapium 'redonda'",5379830,"Sapium","TC","T"
"SARCRO-Sarcaulus 'romolerouxii'",2886224,"Sarcaulus","SL","S"
"SARCSM-SARCBR-Sarcaulus 'smed'",2886233,"Sarcaulus brasiliensis","TC","T"
"SARCVE-Sarcaulus vestitus",2886227,"Sarcaulus vestitus","SL","S"
"SCH2MO-SCHEMO-Schefflera morototoni",3038523,"Didymopanax morototoni","TC","T"
"SCHIPA-Schizolobium parahyba",2945453,"Schizolobium parahyba","TC","T"
"SCHLSP-Schlegelia spruceana",3172466,"Schlegelia","HL",""
"SELA1_A-Selaginella sp.",2688177,"Selaginella","EH",""
"SENNMA-Senna macrophylla",2957136,"Senna macrophylla gigantifolia","SL","S"
"SENNTR-Senna trolliiflora",2957866,"Senna trolliiflora","TM","M"
"SENN_B-Senna sp. B",2956904,"Senna","-",""
"SERJ_C-Serjania sp. C",5421120,"Serjania","CW",""
"SERJ_E-Serjania sp. E",5421120,"Serjania","CW",""
"SERJ_F-Serjania sp. F",5577883,"Serjania circumvallata","CW",""
"SERJ_T-Serjania sp. T",5421120,"Serjania","CW",""
"SICY_A-Sicydium sp. A",3624707,"Melothria dulcis","CH",""
"SIM1PA-SIMAPA-Simaba paraensis",9438218,"Homalolepis paraensis","TC","T"
"SIM1PO-SIMAPO-Simaba polyphylla",3709105,"Simaba polyphylla","TC","T"
"SIM2AM-SIMRAM-Simarouba amara",7720664,"Simarouba amara","TE","E"
"SIM3CO-SIMICO-Simira cordifolia",5335251,"Simira cordifolia","TC","T"
"SIM3RU-SIMIRU-Simira 'rube'",5335279,"Simira rubescens","TC","T"
"SIOLPE-Siolmatra pentaphylla",3623186,"Siolmatra pentaphylla","CW",""
"SIPABI-Siparuna 'bigll3'",7264484,"Siparuna","SL","S"
"SIPACE-Siparuna cervicornis",3782391,"Siparuna cervicornis","SU","S"
"SIPACU-Siparuna cuspidata",3783134,"Siparuna cuspidata","TM","M"
"SIPADE-Siparuna decipiens",3783065,"Siparuna decipiens","TM","M"
"SIPAT3-SIPATT-Siparuna 't-stelae'",3782358,"Siparuna thecaphora","SL","S"
"SLOACH-SLOASY-Sloanea 'chocoplatalmen'",5651143,"Sloanea synandra","TE","E"
"SLOAG1-SLOAGI-Sloanea 'gigapulvi'",3152097,"Sloanea","TC","T"
"SLOAG3-SLOAGD-Sloanea 'granredonda'",3152097,"Sloanea","TM","M"
"SLOAG4-SLOAGU-Sloanea 'guia'",7291059,"Sloanea guianensis","TC","T"
"SLOANE-Sloanea 'nervi'",3152097,"Sloanea","TC","T"
"SLOAOA-Sloanea 'oak'",3152097,"Sloanea","TC","T"
"SLOARO-Sloanea 'robustipeq'",3152097,"Sloanea","TC","T"
"SLOAST-SLOAFR-Sloanea 'stipulon'",5651245,"Sloanea fragrans","TC","T"
"SLOATO-Sloanea 'tomentosa'",8102626,"Sloanea pubescens","TC","T"
"SMIL_A-Smilax sp. A",2740627,"Smilax","CW",""
"SOBR_A-Sobralia sp. A",2797375,"Sobralia","EH",""
"SOCREX-Socratea exorrhiza",2732453,"Socratea exorrhiza","TC","T"
"SOL1LE-Solanum leucopogon",2930322,"Solanum leucopogon","CW",""
"SOLAAL-Solanum altissimum",2931846,"Solanum kioniotrichum","TC","T"
"SOLABA-Solanum barbeyanum",2931769,"Solanum barbeyanum","C?",""
"SOLAGD-Solanum grandiflorum",2929153,"Solanum grandiflorum","TM","M"
"SOLALE-Solanum leptopodum",2931427,"Solanum leptopodum","SL","S"
"SOLAMA-Solanum malletii",2931024,"Solanum malletii","SL","S"
"SOL_AA-Solanaceae sp. AA",7717,"Solanaceae","CH",""
"SOL_M-Solanaceae sp. M",2928997,"Solanum","CW",""
"SOL_O-Solanaceae sp. O",2928997,"Solanum","CW",""
"SOL_PIN-Solanaceae spp. (partes indet. a sp.)",7717,"Solanaceae","CW",""
"SOL_T-Solanaceae sp. T",7717,"Solanaceae","CW",""
"SOL_V-Solanaceae sp. V",2928997,"Solanum","CW",""
"SOROHI-SOROPU-Sorocea hirtella",3762690,"Sorocea pubivena hirtella","TU","U"
"SOROMU-Sorocea muriculata",7262387,"Sorocea muriculata","TU","U"
"SOROOL-SOROPU-Sorocea oligotricha",3762675,"Sorocea pubivena oligotricha","TM","U"
"SOROST-Sorocea steinbachii",3764462,"Sorocea steinbachii","TM","M"
"SOU1_A-Souroubea sp. A",7275871,"Souroubea","HL",""
"SPONMO-Spondias mombin",8185571,"Spondias mombin","TC","T"
"STERA1-STERAP-Sterculia apeibophylla",7745281,"Sterculia apeibophylla","TC","T"
"STERA2-STERAT-Sterculia apetala",5406679,"Sterculia apetala","TC","T"
"STERCO-Sterculia colombiana",8250451,"Sterculia colombiana","TC","T"
"STERFR-Sterculia frondosa",8394990,"Sterculia frondosa","TC","T"
"STIGAD-Stigmaphyllon adenodon",3191310,"Stigmaphyllon","CW",""
"STR1C4-Strychnos 'crasaretic'",3169589,"Strychnos","CW",""
"STR1MI-Strychnos 'miconioide'",3169589,"Strychnos","CW",""
"STRO_A-Stromanthe sp. A",2761017,"Ischnosiphon","XT",""
"STYLLO-Stylogyne longifolia",3721913,"Stylogyne longifolia","SL","S"
"STYRGU-Styrax guyanensis",5541247,"Styrax guyanensis","TM","M"
"SWARAR-Swartzia arborescens",5352087,"Swartzia arborescens","TM","M"
"SWARBE-Swartzia benthamiana",5351850,"Swartzia rosea","TM","M"
"SWARCA-Swartzia cardiosperma",10740764,"Swartzia yasuniensis","TC","T"
"SWARMU-Swartzia multijuga",5351959,"Swartzia trianae","TC","T"
"SWARSI-Swartzia simplex",5352049,"Swartzia calophylla","TU","U"
"SYMPGL-SYMHGL-Symphonia globulifera",8185162,"Symphonia globulifera","TM","T"
"SYN1_A-Syngonium sp. A",2867833,"Syngonium","HV",""
"SYN1_B-Syngonium sp. B",2867833,"Syngonium","HV",""
"Sabiaceae",2409,"Sabiaceae","",""
"Sagotia",5939732,"Sagotia","",""
"Salacia",3169160,"Salacia","",""
"Salicaceae",6664,"Salicaceae","",""
"Santalaceae",6661,"Santalaceae","",""
"Sapindaceae",6657,"Sapindaceae","",""
"Sapium",5379830,"Sapium","",""
"Sapotaceae",8802,"Sapotaceae","",""
"Sarcaulus",2886224,"Sarcaulus","",""
"Sarcomphalus",8301375,"Sarcomphalus","",""
"Schefflera",3037700,"Schefflera","",""
"Schizolobium",2945452,"Schizolobium","",""
"Schlegelia",3172466,"Schlegelia","",""
"Schlegeliaceae",3609121,"Schlegeliaceae","",""
"Schnella",7278569,"Schnella","",""
"Schoepfia",2889813,"Schoepfia","",""
"Schoepfiaceae",4894246,"Schoepfiaceae","",""
"Sciadotenia",7268706,"Sciadotenia","",""
"Securidaca",3191472,"Securidaca","",""
"Selaginella",2688177,"Selaginella","",""
"Selaginellaceae",6724,"Selaginellaceae","",""
"Senegalia",7989631,"Senegalia","",""
"Senna",2956904,"Senna","",""
"Serjania",5421120,"Serjania","",""
"Sicydium",8052497,"Sicydium","",""
"Simaba",7329561,"Simaba","",""
"Simarouba",3190668,"Simarouba","",""
"Simaroubaceae",2395,"Simaroubaceae","",""
"Simira",2894913,"Simira","",""
"Siolmatra",7317597,"Siolmatra","",""
"Siparuna",7264484,"Siparuna","",""
"Siparunaceae",4893899,"Siparunaceae","",""
"Sloanea",3152097,"Sloanea","",""
"Smilacaceae",7702,"Smilacaceae","",""
"Smilax",2740627,"Smilax","",""
"Sobralia",2797375,"Sobralia","",""
"Socratea",2732448,"Socratea","",""
"Solanaceae",7717,"Solanaceae","",""
"Solanum",2928997,"Solanum","",""
"Sorocea",7262353,"Sorocea","",""
"Souroubea",7275871,"Souroubea","",""
"Spondias",3190592,"Spondias","",""
"Staphyleaceae",6656,"Staphyleaceae","",""
"Stemonuraceae",4087082,"Stemonuraceae","",""
"Sterculia",3152129,"Sterculia","",""
"Sterculiaceae",2434,"Sterculiaceae","",""
"Stigmaphyllon",3191310,"Stigmaphyllon","",""
"Stromanthe",2761248,"Stromanthe","",""
"Strychnos",3169589,"Strychnos","",""
"Stryphnodendron",2951701,"Stryphnodendron","",""
"Stryphnodendron porcatum",2951713,"Stryphnodendron porcatum","",""
"Stylogyne",3169452,"Stylogyne","",""
"Styracaceae",2507,"Styracaceae","",""
"Styrax",3032925,"Styrax","",""
"Swartzia",2950920,"Swartzia","",""
"Symphonia",8233185,"Symphonia","",""
"Syngonium",2867833,"Syngonium","",""
"TAB2SA-TABRSA-Tabernaemontana sananho",3614389,"Tabernaemontana sananho","TU","U"
"TACHFO-Tachigali formicarum",2945126,"Tachigali formicarum","TM","M"
"TACHPA-Tachigali paraensis",8382610,"Tachigali inconspicua","TC","T"
"TALICE-Talisia cerasina",3788434,"Talisia cerasina","M","M"
"TALINO-MELCNG-Talisia 'novogranatensis'",3788341,"Melicoccus novogranatensis","TM","M"
"TAPIGU-Tapirira guianensis",7321555,"Tapirira guianensis","TC","T"
"TAPUJU-Tapura juruana",4195950,"Tapura juruana","TC","T"
"TAPUPE-Tapura peruviana",7309870,"Tapura peruviana","TU","U"
"TELIKR-Telitoxicum krukovii",3829749,"Telitoxicum krukovii","CW",""
"TERMOB-Terminalia 'ob'",3189387,"","TC","T"
"TERM_A-Terminalia sp. A",8153963,"Terminalia amazonica","TC",""
"TERM_B-Terminalia sp. B",3189387,"Terminalia","TC",""
"TESSHE-Tessmannianthus heterostemon",3866056,"Tessmannianthus heterostemon","TE","E"
"TET1WI-Tetracera willdenowiana",7303983,"Tetracera willdenowiana","CW",""
"TET2PA-TETGPA-Tetragastris panamensis",7286863,"Tetragastris panamensis","TC","T"
"TET3_A-Tetrapterys sp. A",3191303,"Tetrapterys","CW",""
"TET3_B-Tetrapterys sp. B",3191303,"Tetrapterys","CW",""
"TET3_D-Tetrapterys sp. D",3191303,"Tetrapterys","CW",""
"TET3_I-Tetrapterys sp. I",3191303,"Tetrapterys","CW",""
"TET4MA-TETTMA-Tetrathylacium macrophyllum",7274105,"Tetrathylacium macrophyllum","TU","U V"
"TET5MA-TETRMC-Tetrorchidium macrophyllum",3062937,"Tetrorchidium macrophyllum","TU","U"
"THEOSP-Theobroma speciosum",7657303,"Theobroma speciosum","TM","M"
"THEOSU-Theobroma subincanum",4939555,"Theobroma subincanum","TM","M"
"THIN_F-Thinouia sp. F",3787794,"Thinouia myriantha","CW",""
"THIN_H-Thinouia sp. H",3787785,"Thinouia obliqua","CW",""
"THIN_J-Thinouia sp. J",7264997,"Thinouia","CW",""
"TOCOBU-Tocoyena 'burnham'",2898256,"Tocoyena pittieri","TC","T"
"TOCOCA-Tococa caquetana",10880797,"Miconia caquetana","SS",""
"TONTRE-Tontelea 'redondagrande'",5579681,"Salacia ulei","CW",""
"TOURTA-Tournefortida 'tace'",2925828,"Tournefortia","CW",""
"TOURUL-Tournefortia ulei",10851762,"Heliotropium ulei","CW",""
"TOUR_B-Tournefortia sp. B",2925828,"Tournefortia","CW",""
"TOVOAR-TOVOAL-Tovomita 'arbol'",7329865,"Tovomita","TM","M"
"TRATAS-Trattinnickia aspera",3992670,"Trattinnickia boliviana","TC","T"
"TRI2AD-TRICAD-Trichilia adolfii",3852221,"Trichilia adolfi","TC","T"
"TRI2CI-TRICCI-Trichilia 'cip'",3190490,"Trichilia","SL","S"
"TRI2DE-TRICDE-Trichilia 'densapunta'",3190490,"Trichilia","TM","M"
"TRI2EL-TRICEL-Trichilia elsae",3850939,"Trichilia elsae","SU","S"
"TRI2LA-TRICLA-Trichilia laxipaniculata",3849845,"Trichilia laxipaniculata","TM","M"
"TRI2M1-TRICMA-Trichilia maynasiana",3849551,"Trichilia maynasiana","TC","T"
"TRI2M2-TRICMI-Trichilia micrantha",3852930,"Trichilia micrantha","TM","M"
"TRI2M3-TRICMN-Trichilia 'miniraquis'",3190490,"Trichilia","TM","M"
"TRI2OB-TRICOB-Trichilia obovata",3852514,"Trichilia obovata","SL","S"
"TRI2PA-TRICPA-Trichilia pallida",3190491,"Trichilia pallida","TU","U"
"TRI2PO-TRICPO-Trichilia poeppigii",7271459,"Trichilia poeppigii","SL","U"
"TRI2QU-TRICQU-Trichilia quadrijuga",7271413,"Trichilia quadrijuga","TC","T"
"TRI2SE-TRICSE-Trichilia septentrionalis",3851153,"Trichilia septentrionalis","TC","T"
"TRI2SO-TRICSO-Trichilia solitudinis",3850994,"Trichilia solitudinis","TC","T"
"TRI3TR-TRIGTR-Trigynaea triplinervis",3154853,"Trigynaea triplinervis","TU","U"
"TRI4AM-TRIPDU-Triplaris americana",4038383,"Triplaris dugandii","TM","M"
"TRI5OC-Trichostigma octandrum",5383980,"Trichostigma octandrum","CH",""
"TRYMAM-Trymatococcus amazonicum",11724343,"Brosimum amazonicum","TM","M"
"TURPOC-Turpinia occidentalis",5421358,"Turpinia occidentalis","TC","T"
"Tabebuia",7935410,"Tabebuia","",""
"Tabebuia ochracea",7880545,"Tabebuia ochracea","",""
"Tabebuia serratifolia",7353404,"Tabebuia serratifolia","",""
"Tabernaemontana",3169624,"Tabernaemontana","",""
"Tachigali",2945125,"Tachigali","",""
"Talisia",3189946,"Talisia","",""
"Tanaecium",7298714,"Tanaecium","",""
"Tapirira",7321529,"Tapirira","",""
"Tapisciaceae",3643030,"Tapisciaceae","",""
"Tapura",7309868,"Tapura","",""
"Tassadia",7311668,"Tassadia","",""
"Telitoxicum",7268678,"Telitoxicum","",""
"Terminalia",3189387,"Terminalia","",""
"Tessmannianthus",3866049,"Tessmannianthus","",""
"Tetracera",3234607,"Tetracera","",""
"Tetracera volubilis",8420425,"Tetracera volubilis","",""
"Tetragastris",3190462,"Tetragastris","",""
"Tetrapterys",3191303,"Tetrapterys","",""
"Tetrathylacium",7274104,"Tetrathylacium","",""
"Tetrorchidium",3062897,"Tetrorchidium","",""
"Theobroma",2984934,"Theobroma","",""
"Theophrastaceae",6674,"Primulaceae","",""
"Thinouia",7264997,"Thinouia","",""
"Tiliaceae",2433,"Tiliaceae","",""
"Tococa",3188558,"Miconia","",""
"Tocoyena",2898227,"Tocoyena","",""
"Tontelea",7550998,"Tontelea","",""
"Tournefortia",2925828,"Tournefortia","",""
"Tournefortida",2925828,"Tournefortia","",""
"Tovomita",7329865,"Tovomita","",""
"Trattinnickia",7286734,"Trattinnickia","",""
"Trichilia",3190490,"Trichilia","",""
"Trichodrymonia",6365186,"Trichodrymonia","",""
"Trichostigma",3083999,"Trichostigma","",""
"Trigynaea",3154838,"Trigynaea","",""
"Triplaris",6390747,"Triplaris","",""
"Trymatococcus",2984656,"Brosimum","",""
"Turpinia",3190468,"Turpinia","",""
"Tynanthus",3172598,"Tynanthus","",""
"U1212-Lauraceae sp. (1212)",5685367,"Nectandra coeloclada","T?",""
"U3889-(no identificado SSP3889)",3169095,"Maytenus","T?",""
"U4709-(unknown SSP4709)",3189948,"Paullinia","-",""
"U5676-Hydrangea sp. U5676",3645317,"Hydrangea tarapotensis","HL",""
"U5976-(unknown SSP5976)",2959589,"Machaerium","-",""
"U6598-(unknown SSP 6598)",5386,"Fabaceae","",""
"UNCA_A-Uncaria sp. A",5338267,"Uncaria tomentosa","CW",""
"UNONFL-Unonopsis floribunda",3157782,"Unonopsis floribunda","TM","M"
"UNONVE-Unonopsis 'venefalso'",3157823,"Unonopsis veneficiorum","TU","U"
"UNON_C-Unonopsis sp. C",3157765,"Unonopsis","T?",""
"Ulmaceae",2382,"Ulmaceae","",""
"Uncaria",2906635,"Uncaria","",""
"Unonopsis",3157765,"Unonopsis","",""
"Urticaceae",6639,"Urticaceae","",""
"VANTGU-Vantanea guianensis",3649222,"Vantanea guianensis","TC","T"
"VATAIG-Vataireopsis iglesiasii",2965593,"Vataireopsis iglesiasii","TC","T"
"VER_A-AEGIEL-Verbenaceae sp. A",3892888,"Aegiphila elegans","SL","S"
"VER_C-Verbenaceae sp. C",3893132,"Aegiphila cordifolia","CW",""
"VER_PA-Verbenaceae sp. PA",6689,"Verbenaceae","",""
"VIRODI-Virola dixonii",3743473,"Virola dixonii","TC","U"
"VIRODU-Virola duckei",3743458,"Virola duckei","TE","E"
"VIROEL-Virola elongata",7171876,"Virola elongata","TC","T"
"VIROFL-Virola flexuosa",3743391,"Virola flexuosa","TC","T"
"VIROMI-Virola 'microfuzzy'",3152843,"Virola","TC","T"
"VIROOB-Virola obovata",3742984,"Virola obovata","TC","T"
"VIROPA-Virola 'pavo'",3744236,"Virola pavonis","TC","T"
"VIROSU-Virola surinamensis",3152848,"Virola surinamensis","T?",""
"VISMBA-Vismia baccifera",8113584,"Vismia baccifera","TM","M"
"VISMFL-Vismia floribunda",3714212,"Vismia floribunda","TM'","M"
"VISMMA-Vismia macrophylla",7798391,"Vismia macrophylla","TM","M"
"VITEGL-VITESC-Vitex 'glabra'",3903015,"Vitex schunkei","TC","T"
"VITETR-Vitex triflora",7309189,"Vitex triflora","TM","M"
"VOCHBR-Vochysia braceliniae",4030673,"Vochysia braceliniae","TC","T"
"VRB_PA-Verbenaceae sp. PA (plantula)",6689,"Verbenaceae","CW",""
"Vantanea",7158977,"Vantanea","",""
"Vasconcellea",7106306,"Vasconcellea","",""
"Vataireopsis",2965587,"Vataireopsis","",""
"Verbenaceae",6689,"Verbenaceae","",""
"Violaceae",6631,"Violaceae","",""
"Virola",3152843,"Virola","",""
"Viscaceae",2399,"Viscaceae","",""
"Vismia",3189574,"Vismia","",""
"Vitaceae",6672,"Vitaceae","",""
"Vitex",2925556,"Vitex","",""
"Vochysia",8225540,"Vochysia","",""
"Vochysiaceae",3231623,"Vochysiaceae","",""
"WARSCO-Warszewiczia cordata",5340130,"Warszewiczia cordata","TC","T"
"WETTMA-Wettinia maynensis",2737000,"Wettinia maynensis","TM","M"
"WITTST-Wittmackanthus stanleyanus",2903398,"Wittmackanthus stanleyanus","TC","T"
"Warszewiczia",2917365,"Warszewiczia","",""
"Wettinia",2736938,"Wettinia","",""
"Wittmackanthus",2903397,"Wittmackanthus","",""
"XYL1CU-XYLOCU-Xylopia cuspidata",3157048,"Xylopia cuspidata","TU","S"
"XYL1LI-XYLOLI-Xylopia 'ligu'",3157040,"Xylopia sericea","TC","T"
"Xylopia",3157015,"Xylopia","",""
"ZANTBR-Zanthoxylum 'brillante'",3190076,"Zanthoxylum","TM","M"
"ZANTMA-Zanthoxylum 'margland'",3190076,"Zanthoxylum","TU","U"
"ZANT_B-Zanthoxylum sp. B",3190076,"Zanthoxylum","T?",""
"ZANT_C-Zanthoxylum sp. C",3190076,"Zanthoxylum","T?",""
"ZANT_D-Zanthoxylum sp. D",3190076,"Zanthoxylum","T?",""
"ZANT_E-Zanthoxylum sp. E",3190076,"Zanthoxylum","T?",""
"ZIZYCI-ZIZICI-Zizyphus cinnamomum",8994554,"Sarcomphalus cinnamomum","TC","T"
"ZYGIHE-Zygia heteroneura",5347420,"Zygia heteroneura","TU","U"
"ZYGIME-Zygia 'mediana'",2939650,"Zygia","TU","U"
"ZZHIAT-uniden 'atenumembra'",2514,"Hippocrateaceae","CU","U&V"
"ZZHIOV-ZZHIOL-uniden 'ovalo'",3169160,"Salacia","TC","T"
"ZZLAC5-PLEUCO-uniden 'cordata'",10738820,"Pleurothyrium","TC","T"
"ZZLAG5-ZZLAGV-uniden. 'granverde'",6688,"Lauraceae","SL","M"
"ZZLAL2-OCOTLA-uniden 'laurita'",3034076,"Ocotea","TC","T"
"ZZLAL4-ZZLALS-uniden. 'lisagroovy'",6688,"Lauraceae","TC","T"
"ZZLAM1-ZZLAME-uniden 'medpubinervi'",6688,"Lauraceae","TU","T"
"ZZLAM2-OCOTME-uniden 'membraobov'",3034076,"Ocotea","TC","T"
"ZZMYS6-ZZMYSP-uniden 'smedpubicost'",5014,"Myrtaceae","SL","M"
"ZZMYVE-MYRCVE-uniden 'vertipub'",6306297,"Myrcia verticillata","SL","S"
"Zanthoxylum",3190076,"Zanthoxylum","",""
"Ziziphus",3039411,"Ziziphus","",""
"Zizyphus",11784496,"Zizyphus","",""
"Zygia",2939650,"Zygia","",""
