"taxon_code","gbif_accepted_taxon_id","gbif_accepted_scientific_name","Idlevel"
"ABARJU-Abarema jupunba",11784337,"Jupunba trapezifolia","species"
"ABARLA-Abarema laeta",11798059,"Jupunba laeta","species"
"ABUTGR-Abuta grandifolia",3830518,"Abuta grandifolia","species"
"ACALCU-Acalypha cuneata",3056769,"Acalypha cuneata","species"
"ACALPU-Acalypha pub",3055964,"Acalypha","genus"
"ACALSD-Acalypha sharpdent",3055964,"Acalypha","genus"
"ACALSH-Acalypha sharpub",3055964,"Acalypha","genus"
"ACANAN-Acanthosyris annonagustata",3789565,"Acanthosyris annonagustata","species"
"ACIDNI-Acidoton nicaraguensis",9349506,"Gitara nicaraguensis","species"
"AEGIEL-Aegiphila elegans",3892888,"Aegiphila elegans","species"
"AEGIHA-Aegiphila haughtii",3890246,"Aegiphila ulei","species"
"AEGIIN-Aegiphila integrifolia",2925468,"Aegiphila integrifolia","species"
"AEGIME-Aegiphila memboscu",9156446,"Aegiphila","genus"
"AEGIVI-Aegiphila cordata",8168968,"Aegiphila cordata","species"
"AGONPE-Agonandra peruviana",3658897,"Agonandra peruviana","species"
"AGONSI-Agonandra silvatica",3658855,"Agonandra silvatica","species"
"AGOUCU-Agouticarpa curviflora",2898485,"Agouticarpa curviflora","species"
"AGOUIS-Agouticarpa isernii",2898482,"Agouticarpa isernii","species"
"AGOUVE-Agouticarpa velutina",2898477,"Agouticarpa velutina","species"
"AIOUGR-Aiouea grandifolia",4175896,"Aiouea grandifolia","species"
"AIOUPE-Aiouea peloimpreso",3034063,"Aiouea","genus"
"AIOUPS-Aiouea pseudoclavija",3034063,"Aiouea","genus"
"AIPHUL-Aiphanes ulei",2738687,"Aiphanes ulei","species"
"ALBINI-Albizia niopoides",2973046,"Albizia niopoides","species"
"ALC1CO-Alchornea concev",3055345,"Alchornea","genus"
"ALC1GL-Alchornea glandulosa",3055361,"Alchornea glandulosa","species"
"ALC1TR-Alchornea triplinervia",3055511,"Alchornea triplinervia","species"
"ALC2FL-Alchorneopsis floribunda",3055091,"Alchorneopsis floribunda","species"
"ALIBIT-Alibertia itayensis",10716952,"Cordiera killipii","species"
"ALIBJO-Alibertia jorge",2896652,"Alibertia","genus"
"ALIBLA-Alibertia lance",2896652,"Alibertia","genus"
"ALIBPE-Alibertia pelitos",2896652,"Alibertia","genus"
"ALIBPI-Alibertia pilosa",9148947,"Cordiera pilosa","species"
"ALLOAM-Allophylus amazonicus",7265045,"Allophylus amazonicus","species"
"ALLOGL-Allophylus glabra",3189992,"Allophylus","genus"
"ALLOPI-Allophylus pilosus",5577089,"Allophylus pilosus","species"
"ALLOSC-Allophylus divaricatus",7264975,"Allophylus divaricatus","species"
"ALSECO-Alseis lugonis",5334883,"Alseis lugonis","species"
"ALSOCU-Alsophila cuspidata",5529620,"Alsophila cuspidata","species"
"AMANGU-Amanoa guianensis",3080049,"Amanoa guianensis","species"
"AMIRAM-Amyris amazonica",8168057,"Amyris amazonica","species"
"AMPEED-Ampelocera edentula",4160141,"Ampelocera edentula","species"
"AMPELO-Ampelocera longissima",4160051,"Ampelocera longissima","species"
"AMYRMA-Amyris macrocarpa",5594907,"Amyris macrocarpa","species"
"ANAXBR-Anaxagorea brevipes",3156884,"Anaxagorea brevipes","species"
"ANDIIN-Andira inermis",2952214,"Andira inermis","species"
"ANDILA-Andira largapub",7858091,"Andira","genus"
"ANDIMC-Andira macrocarpa",3965577,"Andira macrocarpa","species"
"ANDIMU-Andira multistipula",2952159,"Andira multistipula","species"
"ANIBAN-Aniba angulopepper",3034086,"Aniba","genus"
"ANIBGU-Aniba guianensis",3034090,"Aniba guianensis","species"
"ANIBHO-Aniba hostmanniana",4181158,"Aniba hostmanniana","species"
"ANIBPA-Aniba panurensis",4180762,"Aniba panurensis","species"
"ANIBRI-Aniba riparia",4180474,"Aniba riparia","species"
"ANIBTA-Aniba taubertiana",4180312,"Aniba taubertiana","species"
"ANNOAM-Annona ambotay",5407112,"Annona ambotay","species"
"ANNODU-Annona duckei",5407170,"Annona duckei","species"
"ANNOMO-Annona mosaic",3155252,"Annona","genus"
"ANTHAM-Anthodiscus amazonicus",5592414,"Anthodiscus amazonicus","species"
"APARCO-Aparisthmium cordatum",3072468,"Aparisthmium cordatum","species"
"APEIME-Apeiba membranacea",4260481,"Apeiba membranacea","species"
"APEITI-Apeiba tibourbou",3152052,"Apeiba tibourbou","species"
"APHECR-Aphelandra crispata",3779855,"Aphelandra crispata","species"
"APHEHY-Aphelandra hylaea",3778869,"Aphelandra hylaea","species"
"APTATU-Aptandra tubicina",3685770,"Aptandra tubicina","species"
"APULLE-Apuleia leiocarpa",5353578,"Apuleia leiocarpa","species"
"ARDIDE-Ardisia densapunta",3169458,"Ardisia","genus"
"ARDISE-Ardisia semibulada",3169458,"Ardisia","genus"
"ASPIBL-Aspidosperma blancimpreso",7316607,"Aspidosperma","genus"
"ASPIDA-Aspidosperma darienense",10398357,"Aspidosperma darienense","species"
"ASPIME-Aspidosperma megalocarpon",7316950,"Aspidosperma megalocarpon","species"
"ASPIRI-Aspidosperma rigidum",3616924,"Aspidosperma rigidum","species"
"ASPISP-Aspidosperma spruceanum",3616705,"Aspidosperma spruceanum","species"
"ASTCCH-Astrocaryum chambira",2738064,"Astrocaryum chambira","species"
"ASTCMU-Astrocaryum urostachys",2738111,"Astrocaryum urostachys","species"
"ASTRGR-Astronium graveolens",7321588,"Astronium graveolens","species"
"ATTAMA-Attalea maripa",2732686,"Attalea maripa","species"
"BACTCO-Bactris corossilla",2733242,"Bactris corossilla","species"
"BACTMA-Bactris maraja",2732946,"Bactris maraja","species"
"BACTSI-Bactris simplicifrons",2733215,"Bactris simplicifrons","species"
"BANANI-Banara nitida",3879623,"Banara nitida","species"
"BATOAM-Batocarpus amazonicus",3763869,"Batocarpus amazonicus","species"
"BATOCO-Batocarpus costaricensis",3763858,"Batocarpus costaricensis","species"
"BATOOR-Batocarpus orinocensis",3763838,"Batocarpus orinocensis","species"
"BAUHBR-Bauhinia brachycalyx",2953223,"Bauhinia brachycalyx","species"
"BEILPE-Beilschmiedia pendula",3034073,"Beilschmiedia pendula","species"
"BELLPE-Bellucia pentamera",3866517,"Bellucia pentamera","species"
"BERTGU-Bertiera guianensis",2908816,"Bertiera guianensis","species"
"BESLQU-Besleria quadrangulata",3824140,"Besleria quadrangulata","species"
"BESLST-Besleria stricta",3823566,"Besleria stricta","species"
"BOROCL-Borojoa claviflora",5340527,"Alibertia claviflora","species"
"BROSAC-Brosimum acutifolium",7262461,"Brosimum acutifolium","species"
"BROSGU-Brosimum guianense",7374879,"Brosimum guianense","species"
"BROSLA-Brosimum lactescens",3763127,"Brosimum lactescens","species"
"BROSPO-Brosimum potabile",3762892,"Brosimum potabile","species"
"BROSUT-Brosimum utile",8042591,"Brosimum utile","species"
"BROWGR-Brownea grandiceps",2970463,"Brownea grandiceps","species"
"BROWLO-Brownea jaramilloi",8875403,"Brownea jaramilloi","species"
"BROWRO-Brownea rosada",2970433,"Brownea","genus"
"BRUNCH-Brunfelsia chiricaspi",2932912,"Brunfelsia chiricaspi","species"
"BRUNSH-Brunfelsia grandiflora",2932917,"Brunfelsia grandiflora","species"
"BUCHCO-Buchenavia congesta",9578164,"Terminalia congesta","species"
"BUCHGR-Buchenavia grandis",9392612,"Terminalia grandis","species"
"BUCHMA-Buchenavia macrophylla",9578576,"Terminalia macrophylla","species"
"BUCHPA-Buchenavia parvifolia",9455981,"Terminalia parvifolia","species"
"BUCHPU-Buchenavia oxycarpa",3699032,"Terminalia oxycarpa","species"
"BUNCAR-Bunchosia argentea",3984105,"Bunchosia argentea","species"
"BUNCBL-Bunchosia blanquita",7404976,"Bunchosia","genus"
"BUNCMY-Bunchosia myrt",7404976,"Bunchosia","genus"
"BYRSJU-Byrsonima juanito",3191347,"Byrsonima","genus"
"BYRSPU-Byrsonima putumayensis",3984820,"Byrsonima putumayensis","species"
"CABRCA-Cabralea canjerana",7271502,"Cabralea canjerana","species"
"CALCME-Calycophyllum megistocaulum",2903996,"Calycophyllum megistocaulum","species"
"CALLCA-Calliandra carbonaria",2982050,"Calliandra trinervia","species"
"CALOBR-Calophyllum brasiliense",5421069,"Calophyllum brasiliense","species"
"CALPBI-Calyptranthes bipennis",10686259,"Myrcia tenuiflora","species"
"CALPGC-Calyptranthes grancauli",3181245,"Calyptranthes","genus"
"CALPGI-Calyptranthes maxima",10694317,"Myrcia maxima","species"
"CALPLO-Calyptranthes loraine",3181245,"Calyptranthes","genus"
"CALPNE-Calyptranthes nervata",10686603,"Myrcia nervata","species"
"CALPPC-Calyptranthes glandulosa",10681855,"Myrcia adenophylla","species"
"CALPPE-Calyptranthes pelopalida",3181245,"Calyptranthes","genus"
"CALPPL-Calyptranthes plicata",10785938,"Myrcia plicata","species"
"CALPPS-Calyptranthes manuensis",10802852,"Myrcia manuensis","species"
"CALPPT-Calyptranthes punteada",3181245,"Calyptranthes","genus"
"CALPRU-Calyptranthes ruiziana",10773731,"Myrcia ruiziana","species"
"CALPSE-Calyptranthes sedosa",3181245,"Calyptranthes","genus"
"CALPSP-Calyptranthes speciosa",10825908,"Myrcia neospeciosa","species"
"CAMPLI-Campomanesia lineatifolia",3181134,"Campomanesia lineatifolia","species"
"CAPIDE-Capirona decorticans",10910620,"Capirona macrophylla","species"
"CAPPDE-Preslianthus detonsus",7790974,"Preslianthus detonsus","species"
"CAPPOS-Capparidastrum osmanthum",7379306,"Capparidastrum osmanthum","species"
"CAPPSO-Capparidastrum solum",8405416,"Capparidastrum solum","species"
"CARACO-Caraipa comun",7330048,"Caraipa","genus"
"CARDOR-Caryodendron orinocense",3055897,"Caryodendron orinocense","species"
"CARIBR-Carica brillante",2874482,"Carica","genus"
"CARIMI-Carica microcarpa",7269680,"Vasconcellea microcarpa","species"
"CAROCH-Caryodaphnopsis chica",7304487,"Caryodaphnopsis","genus"
"CAROFO-Caryodaphnopsis fosteri",4180147,"Caryodaphnopsis fosteri","species"
"CAROTO-Caryodaphnopsis tomentosa",4180043,"Caryodaphnopsis tomentosa","species"
"CARPLO-Carpotroche longifolia",7274065,"Carpotroche longifolia","species"
"CARYGL-Caryocar glabrum",3826026,"Caryocar glabrum","species"
"CASEAC-Casearia aculeata",5331145,"Casearia aculeata","species"
"CASEAE-Casearia arborea",5331149,"Casearia arborea","species"
"CASEAR-Casearia argut",2874105,"Casearia","genus"
"CASEBR-Casearia bracteifera",7723868,"Casearia combaymensis","species"
"CASEJA-Casearia javitensis",3878690,"Piparea multiflora","species"
"CASENI-Casearia nigricans",7526781,"Casearia nigricans","species"
"CASEPF-Casearia prunifolia",7423546,"Casearia prunifolia","species"
"CASEPI-Casearia pitumba",7499281,"Casearia pitumba","species"
"CASEPR-Casearia prunicerob",2874105,"Casearia","genus"
"CASESP-Casearia sylvepub",2874105,"Casearia","genus"
"CASESY-Casearia sylvestris",5331148,"Casearia sylvestris","species"
"CASETU-Casearia tubiflora",2874105,"Casearia","genus"
"CASEUL-Casearia ulmifolia",8205521,"Casearia ulmifolia","species"
"CASSCO-Cassia cowanii",5357101,"Cassia cowanii","species"
"CASTUL-Castilla ulei",2984559,"Castilla ulei","species"
"CATHAC-Cathedra acuminata",8137356,"Cathedra acuminata","species"
"CECREN-Cecropia engleriana",4013581,"Cecropia engleriana","species"
"CECRFI-Cecropia ficifolia",8173870,"Cecropia ficifolia","species"
"CECRHE-Cecropia herthae",4013414,"Cecropia herthae","species"
"CECRMA-Cecropia marginalis",4013650,"Cecropia marginalis","species"
"CECRME-Cecropia membranacea",4013609,"Cecropia membranacea","species"
"CECRPU-Cecropia putumayonis",4013126,"Cecropia putumayonis","species"
"CECRSC-Cecropia sciadophylla",7316424,"Cecropia sciadophylla","species"
"CEDAOD-Cedrela odorata",3190511,"Cedrela odorata","species"
"CEDGCA-Cedrelinga cateniformis",2976174,"Cedrelinga cateniformis","species"
"CEIBPE-Ceiba pentandra",5406697,"Ceiba pentandra","species"
"CEIBSA-Ceiba samauma",7981929,"Ceiba samauma","species"
"CELTSC-Celtis schippii",4159734,"Celtis schippii","species"
"CENTLO-Centropogon loretensis",5412643,"Centropogon loretensis","species"
"CESTME-Cestrum megalophyllum",3802352,"Cestrum megalophyllum","species"
"CESTSI-Cestrum silvaticum",3802311,"Cestrum microcalyx","species"
"CESTTO-Cestrum tomentosum",7972104,"Cestrum tomentosum","species"
"CHAMPA-Chamaedorea pauciflora",2734687,"Chamaedorea pauciflora","species"
"CHAMPI-Chamaedorea pinnatifrons",2734435,"Chamaedorea pinnatifrons","species"
"CHEICO-Cheiloclinium cognatum",3790743,"Cheiloclinium cognatum","species"
"CHIMGL-Chimarrhis glabriflora",2918977,"Chimarrhis glabriflora","species"
"CHIMJA-Chimarrhis jacob",2918950,"Chimarrhis","genus"
"CHIOOP-Chionanthus implicatus",3682197,"Chionanthus implicatus","species"
"CHLO2S-Chlorocardium 2subopo",7304319,"Chlorocardium","genus"
"CHOMCO-Chomelia tenuiflora",5337295,"Chomelia tenuiflora","species"
"CHOMPO-Chomelia polyantha",5337333,"Chomelia polyantha","species"
"CHRCFR-Chrysochlamys fragil",3231115,"Chrysochlamys","genus"
"CHRCHU-Chrysochlamys hugo",3231115,"Chrysochlamys","genus"
"CHRCME-Chrysochlamys membranacea",5555729,"Chrysochlamys membranacea","species"
"CHRCTE-Chrysochlamys tenuifolia",5555698,"Chrysochlamys tenuifolia","species"
"CHRYAM-Chrysophyllum amazonicum",2885635,"Chrysophyllum amazonicum","species"
"CHRYAR-Chrysophyllum argenteum",2885742,"Chrysophyllum argenteum","species"
"CHRYCU-Chrysophyllum cuneifolium",2885711,"Chrysophyllum cuneifolium","species"
"CHRYMA-Chrysophyllum manaosense",2885648,"Chrysophyllum manaosense","species"
"CHRYMI-Chrysophyllum minor",2885576,"Chrysophyllum","genus"
"CHRYOV-Chrysophyllum ovale",2885929,"Chrysophyllum ovale","species"
"CHRYTR-Chrysophyllum tremi",2885576,"Chrysophyllum","genus"
"CHRYVE-Chrysophyllum venezuelanense",2885671,"Chrysophyllum venezuelanense","species"
"CINNNA-Cinnamomum napoense",10119470,"Aiouea napoensis","species"
"CINNOP-Licaria oppretic",3033969,"Licaria","genus"
"CINNTR-Cinnamomum triplinerve",9671278,"Aiouea montana","species"
"CITHPO-Citharexylum poeppigii",7297664,"Citharexylum poeppigii","species"
"CLARBI-Clarisia biflora",7262852,"Clarisia biflora","species"
"CLARRA-Clarisia racemosa",5572170,"Clarisia racemosa","species"
"CLAVDE-Clavija delgada",7313189,"Clavija","genus"
"CLAVPR-Clavija procera",3585576,"Clavija procera","species"
"CLAVWE-Clavija weberbaueri",3585486,"Clavija weberbaueri","species"
"CLIDDI-Clidemia dimorphica",10773334,"Miconia dimorphica","species"
"COCCCO-Coccoloba cordi",2888822,"Coccoloba","genus"
"COCCDE-Coccoloba densifrons",4032930,"Coccoloba densifrons","species"
"COCCGI-Coccoloba gigante",2888822,"Coccoloba","genus"
"COCCJI-Coccoloba jill",2888822,"Coccoloba","genus"
"COCCLA-Coccoloba lancifuzz",2888822,"Coccoloba","genus"
"COCCMO-Coccoloba mollis",4037525,"Coccoloba mollis","species"
"COCCNI-Coccoloba ninfi",2888822,"Coccoloba","genus"
"COCCPA-Coccoloba papel",2888822,"Coccoloba","genus"
"COCCPB-Coccoloba puntoblanco",2888822,"Coccoloba","genus"
"COCCPU-Coccoloba puntonegro",2888822,"Coccoloba","genus"
"COCCSU-Coccoloba subscab",2888822,"Coccoloba","genus"
"COLUAR-Colubrina arbol",3039524,"Colubrina","genus"
"COMPCA-Compsoneura capitellata",5564567,"Compsoneura capitellata","species"
"COMPUL-Compsoneura ulei",5564439,"Compsoneura ulei","species"
"CONCRH-Conceveiba rhytidocarpa",3074954,"Conceveiba rhytidocarpa","species"
"CORDAL-Cordia alliodora",7649215,"Cordia alliodora","species"
"CORDBU-Cordia buladent",2900865,"Cordia","genus"
"CORDCH-Cordia chamissoniana",7294411,"Cordia chamissoniana","species"
"CORDCO-Cordia collococca",5341261,"Cordia collococca","species"
"CORDHE-Cordia hebeclada",5661992,"Cordia hebeclada","species"
"CORDJO-Cordia joli",2900865,"Cordia","genus"
"CORDKI-Cordia kingstoniana",5661797,"Cordia kingstoniana","species"
"CORDNO-Cordia nodosa",7295069,"Cordia nodosa","species"
"CORDUC-Cordia ucayaliensis",5660461,"Cordia ucayaliensis","species"
"COSSOR-Coussapoa orthoneura",4013222,"Coussapoa orthoneura","species"
"COUEOB-Couepia obovata",2984827,"Couepia obovata","species"
"COUEPA-Couepia parillo",8975055,"Gaulettia parillo","species"
"COURGU-Couroupita guianensis",3082562,"Couroupita guianensis","species"
"COUSBR-Coussarea brevi",2904739,"Coussarea","genus"
"COUSCE-Coussarea cephaeloides",2904910,"Coussarea cephaeloides","species"
"COUSDU-Coussarea dulcifolia",2904851,"Coussarea dulcifolia","species"
"COUSKL-Coussarea klugii",2904863,"Coussarea klugii","species"
"COUTGU-Couratari guianensis",3083111,"Couratari guianensis","species"
"CREMCA-Cremastosperma cauliflorum",3154030,"Cremastosperma cauliflorum","species"
"CREMGR-Cremastosperma gracilipes",3154032,"Cremastosperma gracilipes","species"
"CREPGO-Crepidospermum goudotianum",3992710,"Crepidospermum goudotianum","species"
"CREPRH-Crepidospermum rhoifolium",3992648,"Crepidospermum rhoifolium","species"
"CROTLE-Croton lechleri",3057776,"Croton lechleri","species"
"CRYPNO-Cryptocarya yasuniensis",8132198,"Cryptocarya yasuniensis","species"
"CUATGL-Cuatresia glabra",7299697,"Cuatresia","genus"
"CUPACI-Cupania cinerea",3785984,"Cupania cinerea","species"
"CUPALI-Cupania livida",3785240,"Cupania livida","species"
"CYATLA-Cyathea lasiosora",3598409,"Cyathea lasiosora","species"
"CYATPU-Cyathea pungens",2650287,"Cyathea pungens","species"
"CYBIAN-Cybianthus anthuriophyllus",3718992,"Cybianthus anthuriophyllus","species"
"CYBIPE-Cybianthus perseon",3169407,"Cybianthus","genus"
"CYMBCO-Cymbopetalum coriaceum",3157862,"Cymbopetalum coriaceum","species"
"CYPHME-Solanum membra",2928997,"Solanum","genus"
"CYPHPI-Solanum calidum",2932293,"Solanum calidum","species"
"DACRGO-Dacryodes gorda",3190454,"Dacryodes","genus"
"DACRPE-Dacryodes peruviana",7286858,"Dacryodes peruviana","species"
"DALBFR-Dalbergia frutescens",2968824,"Dalbergia frutescens","species"
"DALBNI-Dalbergia nigrescens",2968399,"Dalbergia nigrescens","species"
"DENBBO-Dendrobangia boliviana",3596663,"Dendrobangia boliviana","species"
"DENDAR-Dendropanax arboreus",3035093,"Dendropanax arboreus","species"
"DENDCA-Dendropanax caucanus",3035067,"Dendropanax caucanus","species"
"DENDQU-Dendropanax querceti",3034993,"Dendropanax querceti","species"
"DIALGU-Dialium guianense",2971008,"Dialium guianense","species"
"DILKPA-Dilkea parviflora",3586537,"Dilkea retusa","species"
"DIOSAR-Diospyros artanthifolia",7848675,"Diospyros artanthifolia","species"
"DIOSCR-Diospyros capreifolia",5832390,"Diospyros capreifolia","species"
"DIOSEK-Diospyros ekodul",4070018,"Diospyros ekodul","species"
"DIOSPS-Diospyros pseudoxylopia",4070387,"Diospyros pseudoxylopia","species"
"DIOSSU-Diospyros subrotata",4070210,"Diospyros subrotata","species"
"DIPLPT-Diplotropis pterochic",2960676,"Diplotropis","genus"
"DIPLPU-Diplotropis purpurea",5355625,"Diplotropis purpurea","species"
"DIPOCU-Diploon cuspidatum",2883950,"Diploon cuspidatum","species"
"DISCGU-Discophora guianensis",8066826,"Discophora guianensis","species"
"DRYPAM-Drypetes amazonica",3075969,"Drypetes amazonica","species"
"DRYPPA-Drypetes papilosa",3075615,"Drypetes","genus"
"DRYPVA-Drypetes variabilis",3075850,"Drypetes variabilis","species"
"DUGUCO-Duguetia cortaten",3157467,"Duguetia","genus"
"DUGUHA-Duguetia hadrantha",3157624,"Duguetia hadrantha","species"
"DUGUQU-Duguetia quitarensis",3157592,"Duguetia quitarensis","species"
"DUGUSP-Duguetia spixiana",3157492,"Duguetia spixiana","species"
"DUGUSU-Duguetia surinamensis",3157522,"Duguetia surinamensis","species"
"DULACA-Dulacia candida",3685635,"Dulacia candida","species"
"DUROES-Randia stipuloscabra",2911655,"Randia","genus"
"DUROHI-Duroia hirsuta",2892105,"Duroia hirsuta","species"
"DUSSDE-Dussia delgada",2968226,"Dussia","genus"
"DUSSPE-Dussia pelosblancos",2968226,"Dussia","genus"
"DUSSTE-Dussia tessmannii",2968237,"Dussia tessmannii","species"
"ECCLAN-Ecclinusa angostaestipul",2887353,"Ecclinusa","genus"
"ECCLGU-Ecclinusa guianensis",2887376,"Ecclinusa guianensis","species"
"ELAEGL-Elaeoluma glabrescens",2886343,"Elaeoluma glabrescens","species"
"ENDLBR-Endlicheria bracteata",4176746,"Endlicheria bracteata","species"
"ENDLBU-Endlicheria burbujas",7304104,"Endlicheria","genus"
"ENDLCA-Endlicheria canescens",4176663,"Endlicheria canescens","species"
"ENDLDO-Endlicheria dori",7304104,"Endlicheria","genus"
"ENDLFA-Endlicheria falsadyso",7304104,"Endlicheria","genus"
"ENDLFO-Endlicheria formosa",4176428,"Endlicheria formosa","species"
"ENDLKR-Endlicheria krukovii",4176111,"Endlicheria krukovii","species"
"ENDLPL-Endlicheria platagigante",7304104,"Endlicheria","genus"
"ENDLSE-Endlicheria sericea",4175646,"Endlicheria sericea","species"
"ENDLTE-Endlicheria directonervia",4176500,"Endlicheria directonervia","species"
"ENDLTS-Endlicheria tschudyana",4183476,"Endlicheria tschudyana","species"
"ENTEBA-Enterolobium barnebianum",2961143,"Enterolobium barnebianum","species"
"ERIOGL-Eriotheca globosa",4073732,"Eriotheca globosa","species"
"ERISUN-Erisma uncinatum",5650915,"Erisma uncinatum","species"
"ERYNAM-Erythrina amazonica",5349510,"Erythrina amazonica","species"
"ERYOGR-Erythroxylum gracilipes",7284849,"Erythroxylum gracilipes","species"
"ERYOMA-Erythroxylum macrophyllum",7870294,"Erythroxylum macrophyllum","species"
"ERYOSQ-Erythroxylum squamatum",7284874,"Erythroxylum squamatum","species"
"ESCHAN-Eschweilera andina",3083184,"Eschweilera andina","species"
"ESCHBR-Eschweilera bracteosa",3083420,"Eschweilera bracteosa","species"
"ESCHCO-Eschweilera coriacea",3083231,"Eschweilera coriacea","species"
"ESCHGG-Eschweilera gigantea",3083314,"Eschweilera gigantea","species"
"ESCHGI-Eschweilera giga",3083183,"Eschweilera","genus"
"ESCHGR-Eschweilera gigarco",3083183,"Eschweilera","genus"
"ESCHJU-Eschweilera juruensis",3083251,"Eschweilera juruensis","species"
"ESCHRU-Eschweilera rufifolia",3083381,"Eschweilera rufifolia","species"
"ESENAM-Esenbeckia amazonica",5593203,"Esenbeckia amazonica","species"
"EUGEEG-Eugenia egensis",5416834,"Eugenia egensis","species"
"EUGEFE-Eugenia feijoi",5417684,"Eugenia feijoi","species"
"EUGEFL-Eugenia florida",5417919,"Eugenia florida","species"
"EUGEGR-Eugenia longisepala",6306443,"Eugenia longisepala","species"
"EUGEGV-Eugenia granvariable",3177662,"Eugenia","genus"
"EUGELA-Eugenia lambertiana",5416727,"Eugenia lambertiana","species"
"EUGEMA-Eugenia margot",3177662,"Eugenia","genus"
"EUGEMC-Eugenia macrocalyx",8275691,"Eugenia macrocalyx","species"
"EUGEME-Eugenia medioperp-rojo",3177662,"Eugenia","genus"
"EUGEMI-Eugenia pusilliflora",6306444,"Eugenia pusilliflora","species"
"EUGEMN-Eugenia membranegra",3177662,"Eugenia","genus"
"EUGEMU-Eugenia multirimosa",10607461,"Eugenia multirimosa","species"
"EUGEMV-Eugenia medioperp-verde",3177662,"Eugenia","genus"
"EUGEPA-Eugenia panosadorada",3177662,"Eugenia","genus"
"EUGEPS-Eugenia pseudopanosa",3187232,"Psidium","genus"
"EUGERA-Eugenia ramamarilla",3177662,"Eugenia","genus"
"EUGESB-Eugenia smedbrosimoid",3177662,"Eugenia","genus"
"EUGESC-Eugenia schunkei",10330019,"Eugenia schunkei","species"
"EUGESD-Eugenia smedcostadorada",3177662,"Eugenia","genus"
"EUGESM-Eugenia smedmaboid",3177662,"Eugenia","genus"
"EUGESS-Eugenia smedcostacrasa",3177662,"Eugenia","genus"
"EUGEYA-Eugenia yasuniana",5416992,"Eugenia yasuniana","species"
"EUPLMI-Euplassa milton",7287255,"Euplassa","genus"
"EUTEPR-Euterpe precatoria",5293425,"Euterpe precatoria","species"
"EXOSMA-Exostema maynense",11017680,"Adolphoduckea maynensis","species"
"FARACA-Faramea capillipes",2898189,"Faramea capillipes","species"
"FARAGL-Faramea glandulosa",2898063,"Faramea glandulosa","species"
"FARAMU-Faramea multiflora",8295089,"Faramea multiflora","species"
"FARAQU-Faramea quinqueflora",2898037,"Faramea quinqueflora","species"
"FARATO-Faramea torquata",2898072,"Faramea torquata","species"
"FARAUN-Faramea uncinata",2898126,"Faramea cuencana","species"
"FICUAC-Ficus acreana",5569593,"Ficus acreana","species"
"FICUAM-Ficus americana",5361926,"Ficus americana","species"
"FICUBA-Ficus schippii",5570840,"Ficus schippii","species"
"FICUCR-Ficus crocata",5569828,"Ficus crocata","species"
"FICUCU-Ficus cuatrecasasiana",7389440,"Ficus cuatrecasasiana","species"
"FICUDO-Ficus donnell-smithii",5572269,"Ficus donnell-smithii","species"
"FICUEC-Ficus ecuadorensis",5572086,"Ficus ecuadorensis","species"
"FICUGO-Ficus gomelleira",5571029,"Ficus gomelleira","species"
"FICUMA-Ficus maxima",5571386,"Ficus maxima","species"
"FICUNY-Ficus nymphaeifolia",5570630,"Ficus nymphaeifolia","species"
"FICUOB-Ficus obtusifolia",5361910,"Ficus obtusifolia","species"
"FICUOV-Ficus oveja",2984588,"Ficus","genus"
"FICUPI-Ficus piresiana",5569865,"Ficus crassivenosa","species"
"FICUPU-Ficus pulchella",5571905,"Ficus pulchella","species"
"FICUST-Ficus schultesii",5571029,"Ficus gomelleira","species"
"FICUTR-Ficus trigona",7930239,"Ficus trigona","species"
"FROEDI-Froesia diffusa",3986477,"Froesia diffusa","species"
"GARCBR-Garcinia brasiliensis",7329866,"Garcinia brasiliensis","species"
"GARCMA-Garcinia madruno",3713863,"Garcinia madruno","species"
"GARCMC-Garcinia macrophylla",7727026,"Garcinia macrophylla","species"
"GENIAM-Genipa americana",2895593,"Genipa americana","species"
"GEONCO-Geonoma aspidiifolia",2734141,"Geonoma aspidiifolia","species"
"GEONMA-Geonoma maxima",2734176,"Geonoma maxima","species"
"GEONST-Geonoma stricta",2734102,"Geonoma stricta","species"
"GEONTR-Geonoma triglochin",2734265,"Geonoma triglochin","species"
"GLOEEQ-Gloeospermum equatoriense",4075162,"Gloeospermum equatoriense","species"
"GLOEES-Gloeospermum esferica",7296352,"Gloeospermum","genus"
"GLOELO-Gloeospermum longifolium",4075066,"Gloeospermum longifolium","species"
"GLYCAM-Glycydendron amazonicum",3061260,"Glycydendron amazonicum","species"
"GORDFR-Gordonia fruticosa",5528227,"Gordonia fruticosa","species"
"GRIANE-Grias neuberthii",3082343,"Grias neuberthii","species"
"GUAPCL-Guapira clasica",3086054,"Guapira","genus"
"GUAPGR-Guapira granclasica",3086054,"Guapira","genus"
"GUARCA-Guarea carinata",3849565,"Guarea carinata","species"
"GUAREC-Guarea ecuadoriensis",3852441,"Guarea ecuadoriensis","species"
"GUARFA-Guarea falsakunth",3190499,"Guarea","genus"
"GUARFI-Guarea fistulosa",3852308,"Guarea fistulosa","species"
"GUARGI-Guarea gigakunth",3190499,"Guarea","genus"
"GUARGL-Guarea glabra",3190505,"Guarea glabra","species"
"GUARGO-Guarea gomma",3852128,"Guarea gomma","species"
"GUARGR-Guarea grandifolia",3190500,"Guarea guidonia","species"
"GUARGU-Guarea guentheri",3852025,"Guarea guentheri","species"
"GUARGZ-Guarea guenthfuzzy",3190499,"Guarea","genus"
"GUARKU-Guarea kunthiana",3851727,"Guarea kunthiana","species"
"GUARMA-Guarea macrophylla",7271393,"Guarea macrophylla","species"
"GUARPB-Guarea pubescens",7846271,"Guarea pubescens","species"
"GUARPN-Guarea pubinervi",3190499,"Guarea","genus"
"GUARPS-Guarea pseudokunthiana",3190499,"Guarea","genus"
"GUARPT-Guarea pterorhachis",3850629,"Guarea pterorhachis","species"
"GUARPU-Guarea purusana",3850489,"Guarea purusana","species"
"GUARSI-Guarea silvatica",3850192,"Guarea silvatica","species"
"GUATCI-Guatteria stipitata",3155931,"Guatteria stipitata","species"
"GUATGI-Guatteria gigante",3155604,"Guatteria","genus"
"GUATGL-Guatteria glaberrima",3155844,"Guatteria modesta","species"
"GUATGR-Guatteria asplundiana",3155688,"Guatteria asplundiana","species"
"GUATGS-Annona edulis",5541644,"Annona edulis","species"
"GUATMU-Guatteria multivenia",3155818,"Guatteria guianensis","species"
"GUATPC-Guatteria punctomarron",3155604,"Guatteria","genus"
"GUATPL-Guatteria duodecima",3648380,"Guatteria duodecima","species"
"GUATPU-Guatteria scalarinervia",3155628,"Guatteria scalarinervia","species"
"GUATRE-Guatteria recurvisepala",3155658,"Guatteria recurvisepala","species"
"GUETAC-Guettarda acreana",6288508,"Stenostomum acreanum","species"
"GUSTHE-Gustavia hexapetala",5383835,"Gustavia hexapetala","species"
"GUSTLO-Gustavia longifolia",5383753,"Gustavia longifolia","species"
"HASSFL-Hasseltia floribunda",7760145,"Hasseltia floribunda","species"
"HASSHA-Hasseltia hasseltomen",3231177,"Hasseltia","genus"
"HEISAC-Heisteria acuminata",7222047,"Heisteria acuminata","species"
"HEISFL-Heisteria flacarco",3232590,"Heisteria","genus"
"HEISGR-Heisteria grande",3232590,"Heisteria","genus"
"HEISMU-Heisteria multiglan",3232590,"Heisteria","genus"
"HEISNI-Heisteria nitida",7737421,"Heisteria nitida","species"
"HELITO-Helicostylis tomentosa",3764831,"Helicostylis tomentosa","species"
"HELITU-Helicostylis turbinata",3764804,"Helicostylis turbinata","species"
"HENRAS-Henriettella aspera",3188527,"Henriettea","genus"
"HERRCU-Herrania cuatrecasana",3668352,"Herrania cuatrecasana","species"
"HERRNI-Herrania nitida",7322898,"Herrania nitida","species"
"HEVEGU-Hevea guianensis",3071199,"Hevea guianensis","species"
"HIERAL-Hieronyma alchorneoides",3079092,"Hieronyma alchorneoides","species"
"HIEROB-Hieronyma oblonga",3079119,"Hieronyma oblonga","species"
"HIMASU-Himatanthus sucuuba",3621740,"Himatanthus articulatus","species"
"HIRTEX-Hirtella excelsa",7701308,"Hirtella excelsa","species"
"HIRTRA-Hirtella racemosa",2985122,"Hirtella racemosa","species"
"HUERGL-Huertea glandulosa",3686262,"Huertea glandulosa","species"
"HYMAOB-Hymenaea oblongifolia",2950738,"Hymenaea oblongifolia","species"
"HYMEST-Hymenolobium stipsericea",7783451,"Hymenolobium","genus"
"HYOSEL-Hyospathe elegans",2736706,"Hyospathe elegans","species"
"INGA2A-Inga 2ala-angosta",2965936,"Inga","genus"
"INGA3C-Inga 3crasa",2965936,"Inga","genus"
"INGA3O-Inga 3oscura",2965936,"Inga","genus"
"INGA4A-Inga 4alitarco",2965936,"Inga","genus"
"INGA6C-Inga 6cuadra",2965936,"Inga","genus"
"INGAAB-Inga alba",5358137,"Inga alba","species"
"INGAAC-Inga acreana",5357584,"Inga acreana","species"
"INGAAL-Inga alata",5357817,"Inga alata","species"
"INGAAU-Inga auristellae",5357701,"Inga auristellae","species"
"INGABO-Inga bourgonii",5580442,"Inga bourgoni","species"
"INGABR-Inga brachyrhachis",5357846,"Inga brachyrhachis","species"
"INGACA-Inga capitata",5358094,"Inga capitata","species"
"INGACI-Inga ciliata",5357813,"Inga ciliata","species"
"INGACN-Inga cinnamomea",5358132,"Inga cinnamomea","species"
"INGACO-Inga cordatoalata",5357823,"Inga cordatoalata","species"
"INGACY-Inga cayennensis",5357789,"Inga cayennensis","species"
"INGAFA-Inga falsacre",2965936,"Inga","genus"
"INGAHE-Inga heterophylla",5357852,"Inga heterophylla","species"
"INGALE-Inga leiocalycina",5629065,"Inga laevigata","species"
"INGAMA-Inga marginata",7546887,"Inga marginata","species"
"INGAMI-Inga microcoma",5357932,"Inga microcoma","species"
"INGAMU-Inga multinervis",5358136,"Inga multinervis","species"
"INGANO-Inga nobilis",5357519,"Inga nobilis","species"
"INGAOE-Inga oerstediana",5358014,"Inga oerstediana","species"
"INGAPO-Inga poeppigiana",5357812,"Inga poeppigiana","species"
"INGAPU-Inga punctata",5357665,"Inga punctata","species"
"INGARS-Inga rusbyi",5357939,"Inga rusbyi","species"
"INGARU-Inga ruiziana",5357975,"Inga ruiziana","species"
"INGASA-Inga sapindoides",5357706,"Inga sapindoides","species"
"INGASB-Inga spectabilis",5357491,"Inga spectabilis","species"
"INGASE-Inga sertulifera",5357619,"Inga sertulifera","species"
"INGASL-Inga stellaeglabra",2965936,"Inga","genus"
"INGASP-Inga stipulacea",5358071,"Inga stipulacea","species"
"INGASR-Inga sarayacuensis",5357630,"Inga sarayacuensis","species"
"INGAST-Inga striata",5358084,"Inga striata","species"
"INGATE-Inga tenuistipula",5357513,"Inga tenuistipula","species"
"INGATH-Inga thibaudiana",5357991,"Inga thibaudiana","species"
"INGATO-Inga tocacheana",5357540,"Inga tocacheana","species"
"INGATS-Inga tessmannii",5358126,"Inga tessmannii","species"
"INGAUE-Inga umbellifera",5358027,"Inga umbellifera","species"
"INGAUM-Inga umbratica",5358034,"Inga umbratica","species"
"INGAVE-Inga velutina",5357985,"Inga velutina","species"
"INGAVI-Inga vismiifolia",5357608,"Inga vismiifolia","species"
"INGAYA-Inga yacoana",5358012,"Inga yacoana","species"
"IRIADE-Iriartea deltoidea",2739059,"Iriartea deltoidea","species"
"IRYAGR-Iryanthera grandis",3743999,"Iryanthera grandis","species"
"IRYAHO-Iryanthera hostmannii",3743981,"Iryanthera hostmannii","species"
"IRYAJU-Iryanthera juruensis",3743957,"Iryanthera juruensis","species"
"IRYAPA-Iryanthera paraensis",3743809,"Iryanthera paraensis","species"
"IXORAC-Ixora acuminatissima",2905481,"Ixora acuminatissima","species"
"IXORKI-Ixora killipii",2905346,"Ixora killipii","species"
"IXORPA-Ixora panurensis",2906015,"Ixora panurensis","species"
"IXORYA-Ixora yavitensis",2905864,"Ixora yavitensis","species"
"JACACO-Jacaranda copaia",7298763,"Jacaranda copaia","species"
"JACAGL-Jacaranda glabra",4094115,"Jacaranda glabra","species"
"JACTDI-Jacaratia digitata",3838792,"Jacaratia digitata","species"
"JUSTSA-Justicia sanchezioides",3769279,"Justicia sanchezioides","species"
"KLARNA-Klarobelia napoensis",3157886,"Klarobelia napoensis","species"
"KOTCSE-Kutchubaea semisericea",2893791,"Kutchubaea semisericea","species"
"LACIAG-Lacistema aggregatum",3075397,"Lacistema aggregatum","species"
"LACIME-Lacistema med",3075381,"Lacistema","genus"
"LACINE-Lacistema nena",3075394,"Lacistema nena","species"
"LACMLA-Lacmellea lactescens",3618040,"Lacmellea edulis","species"
"LACMOB-Lacmellea oblongata",3617848,"Lacmellea oblongata","species"
"LACUCR-Lacunaria crenada",3231148,"Lacunaria","genus"
"LACUJE-Lacunaria jenmanii",7939053,"Lacunaria jenmanii","species"
"LAETPR-Laetia procera",5331156,"Casearia bicolor","species"
"LAXOTE-Laxoplumeria tessmannii",3615153,"Laxoplumeria tessmannii","species"
"LEANAR-Leandra aristigera",10866841,"Miconia aristigera","species"
"LEANBL-Leandra blanca",3188558,"Miconia","genus"
"LEANCH-Leandra chaetodon",10804497,"Miconia chaetodonta","species"
"LEANLO-Leandra longicoma",10847496,"Miconia longicoma","species"
"LECOPE-Lecointea peruviana",2965105,"Lecointea peruviana","species"
"LEONCR-Leonia crassa",5664263,"Leonia crassa","species"
"LEONGL-Leonia glycycarpa",7296446,"Leonia glycycarpa","species"
"LEONOC-Leonia occidentalis",7565511,"Leonia occidentalis","species"
"LICAAR-Licania arborea",10248926,"Microdesmia arborea","species"
"LICABL-Licania blancostaverde",2985250,"Licania","genus"
"LICABR-Licania brittoniana",9832761,"Moquilea brittoniana","species"
"LICACA-Licania caudata",9988535,"Hymenopus caudatus","species"
"LICAFI-Licania filo",2985250,"Licania","genus"
"LICAHA-Licania harlingii",2985470,"Licania harlingii","species"
"LICAHI-Licania hipofuzzy",2985250,"Licania","genus"
"LICALG-Licania longipedicellat",10226841,"Moquilea longipedicellata","species"
"LICALO-Licania longistyla",7914955,"Licania longistyla","species"
"LICAMA-Licania macrocarpa",10684093,"Moquilea magnifructa","species"
"LICANE-Licania nervifina",2985250,"Licania","genus"
"LICAOP-Licania opaca",2985250,"Licania","genus"
"LICAPA-Licania pablo",2985250,"Licania","genus"
"LICARE-Licania reticulata",9931046,"Hymenopus reticulatus","species"
"LICAUR-Licania urceolaris",2985481,"Licania urceolaris","species"
"LICAZI-Licania zigzag",2985250,"Licania","genus"
"LICRBR-Licaria brillacuspi",3033969,"Licaria","genus"
"LICRCA-Licaria cannella",7304725,"Licaria canella","species"
"LICRGU-Licaria guianensis",4182465,"Licaria guianensis","species"
"LINDPA-Lindackeria paludosa",3879608,"Lindackeria paludosa","species"
"LONCSE-Lonchocarpus seorsus",3907967,"Lonchocarpus seorsus","species"
"LOREKL-Loreya klugii",5938550,"Bellucia klugii","species"
"LORESP-Loreya spruceana",3866466,"Bellucia spruceana","species"
"LOZAKL-Lozania klugii",3075435,"Lozania klugii","species"
"LUNAPA-Lunania parviflora",3879038,"Lunania parviflora","species"
"MABECO-Mabea comun",3071743,"Mabea","genus"
"MABESU-Mabea superbrondu",3071743,"Mabea","genus"
"MACHAR-Machaerium aristulatum",5355151,"Machaerium aristulatum","species"
"MACHFI-Machaerium finiparalel",2959589,"Machaerium","genus"
"MACNRO-Macrocnemum roseum",2895641,"Macrocnemum roseum","species"
"MACRAN-Macrolobium angustifolium",2948867,"Macrolobium angustifolium","species"
"MACRAR-Macrolobium archeri",2948900,"Macrolobium archeri","species"
"MACRCO-Macrolobium colombianum",7933627,"Macrolobium colombianum","species"
"MACRST-Macrolobium stenocladum",2948810,"Macrolobium stenocladum","species"
"MACRYA-Macrolobium yasuni",7743878,"Macrolobium","genus"
"MAQUCA-Maquira calophylla",3763735,"Maquira calophylla","species"
"MAQUGU-Maquira guianensis",3763686,"Maquira guianensis","species"
"MARGNO-Margaritaria nobilis",5383279,"Margaritaria nobilis","species"
"MARGRO-Margaritaria roja",8016408,"Margaritaria","genus"
"MARICO-Marila comun",3189554,"Marila","genus"
"MARIPU-Marila puntorojo",3189554,"Marila","genus"
"MARMBA-Marmaroxylon basijugum",5580511,"Zygia basijuga","species"
"MARTBO-Margaritopsis boliviana",9327956,"Eumachia boliviana","species"
"MATAOC-Matayba ocho",3190011,"Matayba","genus"
"MATIBR-Matisia bracteolosa",4073984,"Matisia bracteolosa","species"
"MATICO-Matisia cordata",4073924,"Matisia cordata","species"
"MATILO-Matisia huallagensis",4073800,"Matisia huallagensis","species"
"MATIMA-Matisia malacocalyx",4073678,"Matisia malacocalyx","species"
"MATIOB-Matisia oblongifolia",4073648,"Matisia oblongifolia","species"
"MATIOQ-Matisia obliquifolia",4073657,"Matisia obliquifolia","species"
"MAURFL-Mauritia flexuosa",5294777,"Mauritia flexuosa","species"
"MAYNAN-Mayna anelio",7274118,"Mayna","genus"
"MAYNOD-Mayna odorata",3878638,"Mayna odorata","species"
"MAYTAL-Maytenus ala",3169095,"Maytenus","genus"
"MAYTCI-Maytenus cilindrica",3169095,"Maytenus","genus"
"MAYTCU-Maytenus cuadliso",3169095,"Maytenus","genus"
"MELCNG-Melicoccus novogranatensis",3788341,"Melicoccus novogranatensis","species"
"MELIDO-Meliosma doly",3033959,"Meliosma","genus"
"MELIPO-Meliosma polyneura",8102908,"Meliosma polyneura","species"
"MELIVA-Meliosma vasquezii",3838328,"Meliosma vasquezii","species"
"MEMOCL-Memora cladotricha",7452137,"Adenocalymma cladotrichum","species"
"MEZIEX-Mezilaurus extendido",7529619,"Mezilaurus","genus"
"MEZITR-Mezilaurus triunca",4181903,"Mezilaurus triunca","species"
"MICOAB-Miconia abbreviata",3861245,"Miconia abbreviata","species"
"MICOAC-Miconia acutipetala",3861059,"Miconia acutipetala","species"
"MICOAM-Miconia ampla",3860460,"Miconia ampla","species"
"MICOAT-Miconia atenunodu",3188558,"Miconia","genus"
"MICOAU-Miconia aureoides",3859491,"Miconia aureoides","species"
"MICOBU-Miconia bubalina",8776463,"Miconia bubalina","species"
"MICOCE-Miconia centrodesma",3870706,"Miconia centrodesma","species"
"MICOCH-Miconia chocofres",3188558,"Miconia","genus"
"MICOCO-Miconia corine",3188558,"Miconia","genus"
"MICOCR-Miconia crasarb",3188558,"Miconia","genus"
"MICODE-Miconia decurrens",3868105,"Miconia decurrens","species"
"MICOEG-Miconia egensis",3867110,"Miconia egensis","species"
"MICOEL-Miconia elata",3866980,"Miconia elata","species"
"MICOET-Miconia elatita",3188558,"Miconia","genus"
"MICOFA-Miconia falsarug",3188558,"Miconia","genus"
"MICOFO-Miconia fosteri",3865941,"Miconia fosteri","species"
"MICOGC-Miconia grancordata",3188558,"Miconia","genus"
"MICOGR-Miconia grandifolia",8345499,"Miconia grandifolia","species"
"MICOKA-Miconia karina",3188558,"Miconia","genus"
"MICOKL-Miconia klugii",3863185,"Miconia klugii","species"
"MICOLA-Miconia lamprophylla",3862893,"Miconia lamprophylla","species"
"MICOLT-Miconia lateriflora",3862739,"Miconia lateriflora","species"
"MICOLU-Miconia lugonis",3861930,"Miconia lugonis","species"
"MICOMA-Miconia matthaei",3861216,"Miconia matthaei","species"
"MICOME-Miconia medglauca",3188558,"Miconia","genus"
"MICOMU-Miconia multispicata",3860116,"Miconia multispicata","species"
"MICONA-Miconia napoana",3859967,"Miconia napoana","species"
"MICONE-Miconia nerviblanco",3188558,"Miconia","genus"
"MICONV-Miconia nervosa",3859839,"Miconia nervosa","species"
"MICOPE-Miconia peqdorada",3188558,"Miconia","genus"
"MICOPI-Miconia pilgeriana",3867377,"Miconia dolichorrhyncha","species"
"MICOPO-Miconia poeppigii",3871048,"Miconia poeppigii","species"
"MICOPR-Miconia prasina",3188562,"Miconia prasina","species"
"MICOPT-Miconia pterocaulon",3870290,"Miconia pterocaulon","species"
"MICOPU-Miconia purpono",3188558,"Miconia","genus"
"MICORB-Miconia aurea",3859518,"Miconia aurea","species"
"MICORU-Miconia rugosa",3868166,"Miconia rugosa","species"
"MICOSA-Miconia sachapurp",3188558,"Miconia","genus"
"MICOSC-Miconia schunkei",3867489,"Miconia schunkei","species"
"MICOSM-Miconia smaragdina",3866671,"Miconia smaragdina","species"
"MICOTI-Miconia tipica",3188558,"Miconia","genus"
"MICOTN-Miconia trinervia",3863803,"Miconia trinervia","species"
"MICOTO-Miconia tomentosa",8335424,"Miconia tomentosa","species"
"MICOTR-Miconia triplinervis",3863767,"Miconia triplinervis","species"
"MICOZU-Miconia zubenetana",3862625,"Miconia zubenetana","species"
"MICRBR-Micropholis brochidodroma",5333921,"Micropholis brochidodroma","species"
"MICRDO-Micropholis dorada",2887381,"Micropholis","genus"
"MICRDU-Micropholis guyanensis",5333948,"Micropholis guyanensis","species"
"MICREG-Micropholis egensis",5333916,"Micropholis egensis","species"
"MICRVE-Micropholis venulosa",5333937,"Micropholis venulosa","species"
"MINQGU-Minquartia guianensis",3686157,"Minquartia guianensis","species"
"MOLIGR-Mollia gracilis",5705981,"Mollia gracilis","species"
"MOLLKI-Mollinedia killipii",3782326,"Mollinedia killipii","species"
"MOLLRO-Mollinedia rojimpreso",3034105,"Mollinedia","genus"
"MOLLSP-Mollinedia spinilarga",3034105,"Mollinedia","genus"
"MOLLTO-Mollinedia tomentosa",3783010,"Mollinedia tomentosa","species"
"MOLLTR-Mollinedia tridentata",8031348,"Mollinedia tridentata","species"
"MOROPA-Moronobea pablo",7329955,"Moronobea","genus"
"MOURAC-Mouriri acutiflora",3871067,"Mouriri acutiflora","species"
"MOURGC-Mouriri grancoala",3188623,"Mouriri","genus"
"MOURGR-Mouriri grandiflora",3870549,"Mouriri grandiflora","species"
"MOURIN-Mouriri intermedia",3188623,"Mouriri","genus"
"MOURMY-Mouriri myrtilloides",3870233,"Mouriri myrtilloides","species"
"MYRCBL-Myrcia blancanueva",3173889,"Myrcia","genus"
"MYRCNI-Myrcia nitida",3173889,"Myrcia","genus"
"MYRCPI-Myrcia pielizard",3173889,"Myrcia","genus"
"MYRCPL-Myrcia platatomen",3173889,"Myrcia","genus"
"MYRCPS-Myrcia pseudonitida",3173889,"Myrcia","genus"
"MYRCS2-Myrcia splendens2",3173889,"Myrcia","genus"
"MYRCSP-Myrcia splendens",3174691,"Myrcia splendens","species"
"MYRCVE-Myrcia verticillata",6306297,"Myrcia verticillata","species"
"MYROBA-Myroxylon balsamum",5357190,"Myroxylon balsamum","species"
"MYRRAM-Myrciaria amazonica",3186420,"Myrciaria floribunda","species"
"MYRRFL-Myrciaria floribunda",3186420,"Myrciaria floribunda","species"
"MYRRIN-Myrciaria intermed",3186407,"Myrciaria","genus"
"NAUCGL-Naucleopsis glabra",3767226,"Naucleopsis glabra","species"
"NAUCIN-Naucleopsis intermed",7262533,"Naucleopsis","genus"
"NAUCKR-Naucleopsis krukovii",3767133,"Naucleopsis krukovii","species"
"NAUCUL-Naucleopsis ulei",7262829,"Naucleopsis ulei","species"
"NECTAC-Nectandra acuminata",5685525,"Nectandra acuminata","species"
"NECTGR-Nectandra granimpreso",3034018,"Nectandra","genus"
"NECTLA-Nectandra largibrachi",3034018,"Nectandra","genus"
"NECTLI-Nectandra lineata",5685105,"Nectandra lineata","species"
"NECTME-Nectandra membranacea",5371736,"Nectandra membranacea","species"
"NECTMI-Nectandra microcarpa",5685035,"Nectandra microcarpa","species"
"NECTOP-Nectandra oppositifolia",7304727,"Nectandra oppositifolia","species"
"NECTPE-Nectandra pearcei",3034018,"Nectandra","genus"
"NECTSK-Nectandra skinnyret",3034018,"Nectandra","genus"
"NECTVI-Nectandra viburnoides",5685707,"Nectandra viburnoides","species"
"NEEAAG-Neea angostintersec",3086079,"Neea","genus"
"NEEAAL-Neea altomini",3086079,"Neea","genus"
"NEEAAN-Neea aniboid",3086079,"Neea","genus"
"NEEABA-Neea bajio",3086079,"Neea","genus"
"NEEACL-Neea claudia",3086079,"Neea","genus"
"NEEACO-Neea comun",3086079,"Neea","genus"
"NEEADA-Neea daniela",3086079,"Neea","genus"
"NEEAFU-Neea fuzzy",3086079,"Neea","genus"
"NEEAGA-Neea garci",3086079,"Neea","genus"
"NEEAGI-Neea gigante",3086079,"Neea","genus"
"NEEAGR-Neea granredonda",3086079,"Neea","genus"
"NEEAMC-Neea micro",3086079,"Neea","genus"
"NEEAMI-Neea mini",3086079,"Neea","genus"
"NEEAPA-Neea paty",3086079,"Neea","genus"
"NEEAPO-Neea popular",3086079,"Neea","genus"
"NEEASU-Neea supercrasa",3086079,"Neea","genus"
"NEEAVC-Neea verdeclara",3086079,"Neea","genus"
"NEEAVE-Neea verdeseca",3086079,"Neea","genus"
"NEOSGR-Neosprucea grandiflora",8586425,"Neosprucea grandiflora","species"
"NOTOMA-Notopleura macrophylla",5336711,"Notopleura macrophylla","species"
"OCHRPY-Ochroma pyramidale",3152240,"Ochroma pyramidale","species"
"OCOTAL-Ocotea alamembra",3034076,"Ocotea","genus"
"OCOTAR-Ocotea argyrophylla",4177527,"Ocotea argyrophylla","species"
"OCOTBA-Ocotea bayelshmi",3034076,"Ocotea","genus"
"OCOTBO-Ocotea bofo",7359337,"Ocotea bofo","species"
"OCOTCE-Ocotea cernua",4179703,"Ocotea leptobotra","species"
"OCOTCH-Ocotea cujumary",4183240,"Ocotea cujumary","species"
"OCOTFL-Ocotea floribunda",3034082,"Ocotea floribunda","species"
"OCOTJA-Ocotea javitensis",7424176,"Ocotea javitensis","species"
"OCOTLA-Ocotea laurita",3034076,"Ocotea","genus"
"OCOTLE-Ocotea leucoxylon",7586130,"Ocotea leucoxylon","species"
"OCOTLO-Ocotea longifolia",4183107,"Mespilodaphne opifera","species"
"OCOTLU-Ocotea luis",3034076,"Ocotea","genus"
"OCOTME-Ocotea membraobov",3034076,"Ocotea","genus"
"OCOTNE-Ocotea nervijens",3034076,"Ocotea","genus"
"OCOTOB-Ocotea oblonga",7304263,"Ocotea oblonga","species"
"OCOTQU-Ocotea quixos",11020082,"Mespilodaphne quixos","species"
"OCOTSC-Ocotea scalariformis",4182908,"Ocotea scalariformis","species"
"OCOTUC-Ocotea ucayalensis",4181367,"Ocotea ucayalensis","species"
"OENOBA-Oenocarpus bataua",2735462,"Oenocarpus bataua","species"
"OENOMA-Oenocarpus mapora",2735446,"Oenocarpus mapora","species"
"OPHIHE-Ophiocaryon heterophyllum",3838457,"Ophiocaryon heterophyllum","species"
"ORMOAM-Ormosia amazonica",5355607,"Ormosia amazonica","species"
"ORMOEL-Ormosia elata",5355515,"Ormosia elata","species"
"ORMOPA-Ormosia paraensis",5355583,"Ormosia paraensis","species"
"OSSABO-Ossaea boliviensis",10759109,"Miconia violascens","species"
"OSSACU-Ossaea cucullata",10798744,"Miconia cucullata","species"
"OTOBGL-Otoba glycycarpa",3743774,"Otoba glycycarpa","species"
"OURAFL-Ouratea flaquita",3189667,"Ouratea","genus"
"OXANME-Oxandra mediocris",3154783,"Oxandra mediocris","species"
"OXANRI-Oxandra riedeliana",3154743,"Oxandra riedeliana","species"
"PACHIN-Pachira insignis",3152236,"Pachira insignis","species"
"PACHPU-Pachira punga-schunkei",4073636,"Pachira punga-schunkei","species"
"PALIGR-Palicourea grandiflora",2898941,"Palicourea grandiflora","species"
"PALIGU-Palicourea guianensis",2898772,"Palicourea guianensis","species"
"PALILA-Palicourea lasiantha",2898948,"Palicourea lasiantha","species"
"PALINI-Palicourea nigricans",2898690,"Palicourea nigricans","species"
"PALISB-Palicourea subspicata",2898806,"Palicourea subspicata","species"
"PARASU-Paradrypetes subintegrifolia",3917295,"Paradrypetes subintegrifolia","species"
"PARIKL-Parinari klugii",2984967,"Parinari klugii","species"
"PARKBA-Parkia balslevii",5348841,"Parkia balslevii","species"
"PARKMU-Parkia multijuga",5348884,"Parkia multijuga","species"
"PARKNI-Parkia nitida",5348833,"Parkia nitida","species"
"PARKVE-Parkia velutina",5348846,"Parkia velutina","species"
"PATIPA-Patinoa paraensis",4073396,"Patinoa paraensis","species"
"PAULXE-Paullinia xestophylla",3786877,"Paullinia xestophylla","species"
"PAUSTR-Pausandra trianae",3075100,"Pausandra trianae","species"
"PENPHU-Pentaplaris huaoranica",4073338,"Pentaplaris huaoranica","species"
"PENTPA-Pentagonia amazonica",5334738,"Pentagonia amazonica","species"
"PENTSU-Pentagonia subauric",2893500,"Pentagonia","genus"
"PENTWU-Pentagonia spathicalyx",5334752,"Pentagonia spathicalyx","species"
"PERABI-Pera bicolor",5614965,"Pera bicolor","species"
"PERADU-Pera duguet",3231319,"Pera","genus"
"PEREAN-Perebea angustifolia",3765858,"Perebea angustifolia","species"
"PEREGU-Perebea guianensis",7262696,"Perebea guianensis","species"
"PEREMO-Perebea mollis",7262684,"Perebea mollis","species"
"PERETE-Perebea tessmannii",7262670,"Perebea tessmannii","species"
"PEREXA-Perebea xanthochyma",3765422,"Perebea xanthochyma","species"
"PERSAR-Persea areolatocostae",4176300,"Persea areolatocostae","species"
"PERSPE-Persea persemed",3034041,"Persea","genus"
"PERSPS-Persea pseudofascicula",7304434,"Persea pseudofasciculata","species"
"PHYLAT-Phyllanthus attenuatus",5382615,"Phyllanthus attenuatus","species"
"PHYLMI-Phyllanthus micro",3061139,"Phyllanthus","genus"
"PHYTTE-Phytelephas tenuicaulis",2736286,"Phytelephas tenuicaulis","species"
"PICRJU-Picramnia juniniana",3708958,"Picramnia juniniana","species"
"PICRMA-Picramnia magnifolia",3708842,"Picramnia magnifolia","species"
"PICRMI-Picramnia mini",8118842,"Picramnia","genus"
"PICRPB-Picramnia pubibul",8118842,"Picramnia","genus"
"PICRPU-Picramnia pubirecta",8118842,"Picramnia","genus"
"PICRSE-Picramnia sellowii",7329631,"Picramnia sellowii","species"
"PIPEAE-Piper aequale",3086344,"Piper aequale","species"
"PIPEAL-Piper albert-smithii",4191274,"Piper mutisii","species"
"PIPEAR-Piper arboreum",7304860,"Piper arboreum","species"
"PIPEAU-Piper augustum",7305990,"Piper augustum","species"
"PIPEBE-Piper bellidi",3075433,"Piper","genus"
"PIPEBF-Piper bellidifolium",4189329,"Piper bellidifolium","species"
"PIPEBU-Piper bulada",3075433,"Piper","genus"
"PIPECO-Piper cordipub",3075433,"Piper","genus"
"PIPECR-Piper crassinervium",7305747,"Piper crassinervium","species"
"PIPEDA-Piper darkcrasa",3075433,"Piper","genus"
"PIPEFU-Piper fuzicort",3075433,"Piper","genus"
"PIPEGR-Piper granmini",3075433,"Piper","genus"
"PIPEIM-Piper immutatum",4185203,"Piper immutatum","species"
"PIPELI-Piper lija",3075433,"Piper","genus"
"PIPEMA-Piper macrophyllum",7304860,"Piper arboreum","species"
"PIPEMI-Piper minibroqui",3075433,"Piper","genus"
"PIPEMN-Piper minicord",3075433,"Piper","genus"
"PIPEMU-Piper musteum",4191310,"Piper musteum","species"
"PIPEMY-Piper maranyonense",4186753,"Piper maranyonense","species"
"PIPENE-Piper nervi",3075433,"Piper","genus"
"PIPENG-Piper nerviglabra",3075433,"Piper","genus"
"PIPEOC-Piper obchic",3075433,"Piper","genus"
"PIPEOG-Piper obglab",3075433,"Piper","genus"
"PIPEON-Piper obnervi",3086367,"Peperomia","genus"
"PIPEOT-Piper obtomen",3075433,"Piper","genus"
"PIPEOV-Piper obvil",3075433,"Piper","genus"
"PIPEPU-Piper pubescens",3075433,"Piper","genus"
"PIPERE-Piper renato",3075433,"Piper","genus"
"PIPERT-Piper reticulatum",3086330,"Piper reticulatum","species"
"PIPESC-Piper hispidum",3086355,"Piper hispidum","species"
"PIPESD-Piper scandent",3086367,"Peperomia","genus"
"PIPESE-Piper sesivil",3075433,"Piper","genus"
"PIPEST-Piper scutilimbum",4190215,"Piper scutilimbum","species"
"PIPTPT-Piptadenia pteroclada",2951808,"Piptadenia pteroclada","species"
"PLATPI-Platymiscium pinnatum",2944742,"Platymiscium pinnatum","species"
"PLATST-Platymiscium stipulare",2944751,"Platymiscium stipulare","species"
"PLEUBI-Pleurothyrium bifidum",5685848,"Pleurothyrium bifidum","species"
"PLEUCI-Pleurothyrium cinereum",5685828,"Pleurothyrium cinereum","species"
"PLEUCO-Pleurothyrium cordata",10738820,"Pleurothyrium","genus"
"PLEUCU-Pleurothyrium cuneifolium",5685814,"Pleurothyrium cuneifolium","species"
"PLEUGL-Pleurothyrium glabrifolium",5685796,"Pleurothyrium glabrifolium","species"
"PLEUIN-Pleurothyrium insigne",5685759,"Pleurothyrium insigne","species"
"PLINCA-Plinia yasuniana",9325309,"Plinia yasuniana","species"
"PLINCO-Myrciaria racemosa",7982334,"Myrciaria racemosa","species"
"PLINPS-Plinia pseudomouriri",3173680,"Plinia","genus"
"PLINUN-Plinia unop",3173680,"Plinia","genus"
"POLLDI-Pollalesta discolor",3122128,"Piptocoma discolor","species"
"POSOLA-Posoqueria latifolia",2893899,"Posoqueria latifolia","species"
"POSOLO-Posoqueria longiflora",2893927,"Posoqueria longiflora","species"
"POTARE-Potalia resinifera",4019684,"Potalia resinifera","species"
"POULAR-Poulsenia armata",5570848,"Poulsenia armata","species"
"POURBI-Pourouma bicolor",7316430,"Pourouma bicolor","species"
"POURDE-Pourouma deeplob",7316388,"Pourouma","genus"
"POURGU-Pourouma guianensis",7316407,"Pourouma guianensis","species"
"POURME-Pourouma medioarco",7316388,"Pourouma","genus"
"POURMI-Pourouma minor",4013658,"Pourouma minor","species"
"POURNA-Pourouma napoensis",4013604,"Pourouma napoensis","species"
"POURTO-Pourouma tomentosa",7316411,"Pourouma tomentosa","species"
"POUTAC-Pouteria hispida",2884510,"Pouteria guianensis","species"
"POUTAN-Pouteria anchalisa",2884049,"Pouteria","genus"
"POUTAP-Pouteria angostaloopy",2884049,"Pouteria","genus"
"POUTBA-Pouteria baehniana",2884661,"Pouteria baehniana","species"
"POUTBI-Pouteria bilocularis",2884964,"Pouteria bilocularis","species"
"POUTCA-Pouteria caimito",2884788,"Pouteria caimito","species"
"POUTCL-Pouteria calistophylla",2884569,"Pouteria calistophylla","species"
"POUTDO-Pouteria doradagrande",2884049,"Pouteria","genus"
"POUTDU-Pouteria durlandii",2884848,"Pouteria durlandii","species"
"POUTGM-Pouteria glomerata",2884079,"Pouteria glomerata","species"
"POUTGO-Pouteria granopaca",2884049,"Pouteria","genus"
"POUTGR-Pouteria gracilis",2884662,"Pouteria gracilis","species"
"POUTGU-Pouteria guianensis",7485884,"Pouteria guianensis","species"
"POUTKR-Pouteria krukovii",2884893,"Pouteria krukovii","species"
"POUTLA-Pouteria largamembra",2884049,"Pouteria","genus"
"POUTMU-Pouteria multiflora",2884744,"Pouteria multiflora","species"
"POUTNU-Pouteria nudipetala",2884954,"Pouteria nudipetala","species"
"POUTPE-Pouteria peciolote",2884049,"Pouteria","genus"
"POUTPL-Pouteria platyphylla",2884374,"Pouteria platyphylla","species"
"POUTPR-Pouteria procera",2884909,"Pouteria procera","species"
"POUTRB-Pouteria cuspidata",2884675,"Pouteria cuspidata","species"
"POUTRD-Pouteria redondita",2884049,"Pouteria","genus"
"POUTRE-Pouteria reticulata",2884054,"Pouteria reticulata","species"
"POUTRO-Pouteria rostrata",2884141,"Pouteria rostrata","species"
"POUTSM-Pouteria smedobov",2884049,"Pouteria","genus"
"POUTSR-Pouteria pseudorostrata",2884049,"Pouteria","genus"
"POUTTC-Pouteria tortachicorden",2884049,"Pouteria","genus"
"POUTTO-Pouteria tortachica",2884049,"Pouteria","genus"
"POUTTR-Pouteria trilocularis",2884359,"Pouteria trilocularis","species"
"POUTTU-Pouteria torta",2884812,"Pouteria torta","species"
"POUTVE-Pouteria vernicosa",2884494,"Pouteria vernicosa","species"
"PRADAT-Pradosia atroviolacea",2883828,"Pradosia grisebachii","species"
"PRESSC-Prestoea schultzeana",2738938,"Prestoea schultzeana","species"
"PROTAM-Protium amazonicum",3992544,"Protium amazonicum","species"
"PROTAR-Protium aracouchini",7286738,"Protium aracouchini","species"
"PROTBR-Protium brillanodu",7286732,"Protium","genus"
"PROTGL-Protium glabrescens",3993224,"Protium glabrescens","species"
"PROTGR-Protium grannodu",7286732,"Protium","genus"
"PROTGU-Protium guianense",3993081,"Protium guianense","species"
"PROTNO-Protium nodulosum",3994070,"Protium nodulosum","species"
"PROTSA-Protium sagotianum",3993226,"Protium sagotianum","species"
"PROTTR-Protium trifoliolatum",3992925,"Protium trifoliolatum","species"
"PROTUN-Protium unifoliolatum",7286772,"Protium unifoliolatum","species"
"PRUNDE-Prunus debilis",3022573,"Prunus debilis","species"
"PSEDDI-Pseudomalmea diclina",3153991,"Pseudomalmea diclina","species"
"PSEPSU-Pseudopiptadenia suaveolens",3795236,"Pseudopiptadenia suaveolens","species"
"PSEULA-Pseudolmedia laevigata",3764182,"Pseudolmedia laevigata","species"
"PSEULS-Pseudolmedia laevis",3764170,"Pseudolmedia laevis","species"
"PSEUMA-Pseudolmedia macrophylla",3764164,"Pseudolmedia macrophylla","species"
"PSEURI-Pseudolmedia rigida",7262528,"Pseudolmedia rigida","species"
"PSYCBO-Psychotria sacciformis",2923810,"Psychotria sacciformis","species"
"PSYCBR-Psychotria gracilenta",10232993,"Palicourea gracilenta","species"
"PSYCCA-Psychotria caerulea",2920885,"Palicourea caerulea","species"
"PSYCDE-Psychotria paniculata",7829600,"Palicourea paniculata","species"
"PSYCDR-Psychotria dracula",2919963,"Psychotria","genus"
"PSYCHO-Psychotria hoffmannseggian",8095300,"Palicourea hoffmannseggiana","species"
"PSYCHU-Psychotria huampamiensis",8860949,"Palicourea huampamiensis","species"
"PSYCMA-Psychotria margarita",2919963,"Psychotria","genus"
"PSYCME-Psychotria alba",2923270,"Psychotria alba","species"
"PSYCMI-Psychotria microbotrys",10392490,"Palicourea microbotrys","species"
"PSYCON-Psychotria romolerouxiana",2923890,"Psychotria romolerouxiana","species"
"PSYCOS-Psychotria ostreophora",11075119,"Palicourea ostreophora","species"
"PSYCPO-Psychotria poeppigiana",7866160,"Palicourea tomentosa","species"
"PSYCRE-Psychotria remota",2920637,"Psychotria remota","species"
"PSYCRO-Psychotria tenuifolia",2922399,"Psychotria tenuifolia","species"
"PSYCSD-Psychotria stipudent",2919963,"Psychotria","genus"
"PSYCST-Psychotria stenostachya",9332072,"Palicourea stenostachya","species"
"PSYCVI-Psychotria viridis",2921300,"Psychotria viridis","species"
"PTERRH-Pterocarpus rohrii",5349322,"Pterocarpus rohrii","species"
"QUALPA-Qualea paraensis",4030655,"Qualea paraensis","species"
"QUARAM-Quararibea amazonica",4073535,"Quararibea amazonica","species"
"QUARGU-Quararibea guianensis",4073119,"Quararibea guianensis","species"
"QUARSE-Quararibea sesiblanca",3152231,"Quararibea","genus"
"QUARWI-Quararibea wittii",4073580,"Quararibea wittii","species"
"QUIIFL-Quiina florida",3986487,"Quiina florida","species"
"QUIIGO-Quiina grandifolia",3986524,"Quiina grandifolia","species"
"QUIIGR-Quiina grande",7285768,"Quiina","genus"
"QUIIMD-Quiina mediana",7285768,"Quiina","genus"
"RANDBI-Randia bigfuzzy",2911655,"Randia","genus"
"RANDGO-Randia armata",5339445,"Randia armata","species"
"RANDMA-Randia manolo",2911655,"Randia","genus"
"RAUVPR-Rauvolfia praecox",7580047,"Rauvolfia praecox","species"
"RHAMEL-Rhamnidium elaeocarpum",3874704,"Rhamnidium elaeocarpum","species"
"RHODJU-Rhodostemonodaphne juruensis",4179152,"Rhodostemonodaphne juruensis","species"
"RHODKU-Rhodostemonodaphne kunthiana",4179128,"Rhodostemonodaphne kunthiana","species"
"RHODLI-Rhodostemonodaphne licanioides",4179082,"Rhodostemonodaphne licanioides","species"
"RHODSO-Rhodostemonodaphne sordida",4178784,"Rhodostemonodaphne sordida","species"
"RICHRA-Richeria racemosa",7066948,"Richeria grandis","species"
"RINOAP-Rinorea apiculata",10967984,"Bribria apiculata","species"
"RINOLI-Rinorea lindeniana",7296368,"Rinorea lindeniana","species"
"RINOVI-Rinorea viridifolia",4076980,"Rinorea viridifolia","species"
"ROLLCH-Annona neochrysocarpa",5541619,"Annona neochrysocarpa","species"
"ROLLCU-Annona cuspidata",5541649,"Annona cuspidata","species"
"ROLLDO-Annona dolichopetala",5541645,"Annona dolichopetala","species"
"ROLLFL-Annona flacaglabra",3155252,"Annona","genus"
"ROLLGL-Annona glomerulifera",5541639,"Annona glomerulifera","species"
"ROLLPI-Annona papilionella",5541609,"Annona papilionella","species"
"ROUPMO-Roupala montana",7831077,"Roupala montana","species"
"RUAGIN-Ruagea insignis",3851374,"Ruagea insignis","species"
"RUDGBR-Rudgea bracteata",2910863,"Rudgea bracteata","species"
"RUDGFI-Rudgea fina",2910457,"Rudgea","genus"
"RUDGJA-Rudgea japurensis",2910777,"Rudgea panurensis","species"
"RUDGNO-Rudgea nodincho",2910457,"Rudgea","genus"
"RUIZOV-Ruizodendron ovale",3154066,"Ruizodendron ovale","species"
"RYANSP-Ryania speciosa",7342747,"Ryania speciosa","species"
"SAGORA-Sagotia racemosa",5377870,"Sagotia racemosa","species"
"SALAAR-Salacia arbol",3169160,"Salacia","genus"
"SALAAT-Salacia atenucrasa",3169160,"Salacia","genus"
"SALAMA-Salacia macrantha",5580333,"Salacia macrantha","species"
"SANCLO-Sanchezia longiflora",3778953,"Sanchezia longiflora","species"
"SAPILA-Sapium largident",5379830,"Sapium","genus"
"SAPIPR-Sapium primero",5379830,"Sapium","genus"
"SAPIRE-Sapium redonda",5379830,"Sapium","genus"
"SARCBR-Sarcaulus brasiliensis",2886233,"Sarcaulus brasiliensis","species"
"SARCPE-Sarcaulus peloscostimpres",2886224,"Sarcaulus","genus"
"SARCRO-Sarcaulus romolerouxii",2886224,"Sarcaulus","genus"
"SARCVE-Sarcaulus vestitus",2886227,"Sarcaulus vestitus","species"
"SCHEMO-Schefflera morototoni",3038523,"Didymopanax morototoni","species"
"SCHIPA-Schizolobium parahyba",2945453,"Schizolobium parahyba","species"
"SCHOPO-Schoenobiblus peruvianus",7645206,"Schoenobiblus peruviana","species"
"SCHPLU-Schoepfia lucida",3685474,"Schoepfia lucida","species"
"SENNBA-Senna bacillaris",2957751,"Senna bacillaris","species"
"SENNMA-Senna macrophylla",2957131,"Senna macrophylla","species"
"SENNTR-Senna trolliiflora",2957866,"Senna trolliiflora","species"
"SIMAOR-Simaba orinocensis",3709147,"Simaba orinocensis","species"
"SIMAPA-Simaba paraensis",9438218,"Homalolepis paraensis","species"
"SIMAPO-Simaba polyphylla",3709105,"Simaba polyphylla","species"
"SIMICO-Simira cordifolia",5335251,"Simira cordifolia","species"
"SIMIRU-Simira rubescens",5335279,"Simira rubescens","species"
"SIMRAM-Simarouba amara",7720664,"Simarouba amara","species"
"SIPAAN-Siparuna angostadiente",7264484,"Siparuna","genus"
"SIPABI-Siparuna bigll3A",7264484,"Siparuna","genus"
"SIPACE-Siparuna cervicornis",3782391,"Siparuna cervicornis","species"
"SIPACU-Siparuna cuspidata",3783134,"Siparuna cuspidata","species"
"SIPADE-Siparuna decipiens",3783065,"Siparuna decipiens","species"
"SIPAGE-Siparuna grandiflora",3782467,"Siparuna grandiflora","species"
"SIPAMA-Siparuna macrotepala",3782954,"Siparuna macrotepala","species"
"SIPAPO-Siparuna poeppigii",3782128,"Siparuna poeppigii","species"
"SIPATT-Siparuna thecaphora",3782358,"Siparuna thecaphora","species"
"SLOAFR-Sloanea fragrans",5651245,"Sloanea fragrans","species"
"SLOAGD-Sloanea granredonda",3152097,"Sloanea","genus"
"SLOAGI-Sloanea gigapulvi",3152097,"Sloanea","genus"
"SLOAGR-Sloanea granalargada",3152097,"Sloanea","genus"
"SLOAGU-Sloanea guia",3152097,"Sloanea","genus"
"SLOALE-Sloanea lace",3152097,"Sloanea","genus"
"SLOAME-Sloanea membramini",3152097,"Sloanea","genus"
"SLOANE-Sloanea nervi",3152097,"Sloanea","genus"
"SLOAOA-Sloanea oak",3152097,"Sloanea","genus"
"SLOAOB-Sloanea obtusifolia",5650996,"Sloanea obtusifolia","species"
"SLOAOG-Sloanea oblonga",3152097,"Sloanea","genus"
"SLOAOP-Sloanea oppd",3152097,"Sloanea","genus"
"SLOAPE-Sloanea pequrva",3152097,"Sloanea","genus"
"SLOAPO-Sloanea polvorojo",3152097,"Sloanea","genus"
"SLOARO-Sloanea robustipeq",3152097,"Sloanea","genus"
"SLOARU-Sloanea rufisessi",3152097,"Sloanea","genus"
"SLOASY-Sloanea synandra",5651143,"Sloanea synandra","species"
"SLOATO-Sloanea pubescens",8102626,"Sloanea pubescens","species"
"SOCREX-Socratea exorrhiza",2732453,"Socratea exorrhiza","species"
"SOLAAL-Solanum altissimum",2931846,"Solanum kioniotrichum","species"
"SOLAGD-Solanum grandiflorum",2929153,"Solanum grandiflorum","species"
"SOLAGR-Solanum granmini",2928997,"Solanum","genus"
"SOLALE-Solanum leptopodum",2931427,"Solanum leptopodum","species"
"SOLALP-Solanum lepidotum",2931223,"Solanum lepidotum","species"
"SOLAMA-Solanum malletii",2931024,"Solanum malletii","species"
"SOLASE-Solanum sessile",2930479,"Solanum sessile","species"
"SOLATE-Solanum thelopodium",2931531,"Solanum thelopodium","species"
"SOROMU-Sorocea muriculata",7262387,"Sorocea muriculata","species"
"SOROPU-Sorocea pubivena",7262377,"Sorocea pubivena","species"
"SOROST-Sorocea steinbachii",3764462,"Sorocea steinbachii","species"
"SPONMO-Spondias mombin",8185571,"Spondias mombin","species"
"STERAP-Sterculia apeibophylla",7745281,"Sterculia apeibophylla","species"
"STERAT-Sterculia apetala",5406679,"Sterculia apetala","species"
"STERCO-Sterculia colombiana",8250451,"Sterculia colombiana","species"
"STERFR-Sterculia frondosa",8394990,"Sterculia frondosa","species"
"STERTE-Sterculia tessmannii",7700900,"Sterculia tessmannii","species"
"STRCDA-Strychnos darienensis",5645381,"Strychnos darienensis","species"
"STRYPO-Stryphnodendron porcatum",2951713,"Stryphnodendron porcatum","species"
"STYLLO-Stylogyne longifolia",3721913,"Stylogyne longifolia","species"
"STYRCO-Styrax cordatus",5541365,"Styrax pavonii","species"
"STYRGU-Styrax guyanensis",5541247,"Styrax guyanensis","species"
"SWARAR-Swartzia arborescens",5352087,"Swartzia arborescens","species"
"SWARBE-Swartzia rosea",5351850,"Swartzia rosea","species"
"SWARBO-Swartzia bombycina",5352098,"Swartzia bombycina","species"
"SWARCA-Swartzia cardiosperma",5352042,"Swartzia cardiosperma","species"
"SWARMU-Swartzia multijuga",5352110,"Swartzia multijuga","species"
"SWARSI-Swartzia calophylla",5352049,"Swartzia calophylla","species"
"SYMHGL-Symphonia globulifera",8185162,"Symphonia globulifera","species"
"SYMPAR-Symplocos arechea",3643345,"Symplocos arechea","species"
"TABEOC-Tabebuia ochracea",7880545,"Tabebuia ochracea","species"
"TABESE-Tabebuia serratifolia",7353404,"Tabebuia serratifolia","species"
"TABRPE-Tabernaemontana pequena",3169624,"Tabernaemontana","genus"
"TABRSA-Tabernaemontana sananho",3614389,"Tabernaemontana sananho","species"
"TACHFO-Tachigali formicarum",2945126,"Tachigali formicarum","species"
"TACHPA-Tachigali inconspicua",8382610,"Tachigali inconspicua","species"
"TACHPN-Tachigali paniculata",2945147,"Tachigali paniculata","species"
"TALAOV-Magnolia equatorialis",9058332,"Magnolia equatorialis","species"
"TALATY-Magnolia rimachii",3153132,"Magnolia rimachii","species"
"TALICE-Talisia cerasina",3788434,"Talisia cerasina","species"
"TALIGI-Talisia gigapulvi",3189946,"Talisia","genus"
"TALIPU-Talisia pulvinote",3189946,"Talisia","genus"
"TALIRE-Talisia 2-retic",3189946,"Talisia","genus"
"TAPIGU-Tapirira guianensis",7321555,"Tapirira guianensis","species"
"TAPIOB-Tapirira obtusa",3659992,"Tapirira obtusa","species"
"TAPISA-Tapirira myriantha",7321556,"Tapirira guianensis","species"
"TAPUJU-Tapura juruana",4195950,"Tapura juruana","species"
"TAPUPE-Tapura peruviana",7309870,"Tapura peruviana","species"
"TERMAM-Terminalia amazonia",8153963,"Terminalia amazonica","species"
"TERMAX-Terminalia axilpub",3189387,"Terminalia","genus"
"TERMOB-Buchenavia ob",3189387,"Terminalia","genus"
"TERMOG-Terminalia oblonga",3189396,"Terminalia oblonga","species"
"TESSHE-Tessmannianthus heterostemon",3866056,"Tessmannianthus heterostemon","species"
"TETGPA-Tetragastris panamensis",7286863,"Tetragastris panamensis","species"
"TETRMC-Tetrorchidium macrophyllum",3062937,"Tetrorchidium macrophyllum","species"
"TETTMA-Tetrathylacium macrophyllum",7274105,"Tetrathylacium macrophyllum","species"
"THEOSP-Theobroma speciosum",7657303,"Theobroma speciosum","species"
"THEOSU-Theobroma subincanum",4939555,"Theobroma subincanum","species"
"THYRBA-Thyrsodium barniz",7321509,"Thyrsodium","genus"
"TOCCGU-Tococa guianensis",10816285,"Miconia tococa","species"
"TOCOBU-Tocoyena williamsii",2898256,"Tocoyena pittieri","species"
"TOVOAL-Tovomita alargada",7329865,"Tovomita","genus"
"TOVOGC-Tovomita grancrasa",7329865,"Tovomita","genus"
"TOVOGR-Tovomita grande",7329865,"Tovomita","genus"
"TOVOTY-Tovomita tyana",7329865,"Tovomita","genus"
"TOXITR-Toxosiphon trifoliatus",3835052,"Toxosiphon trifoliatus","species"
"TRATAS-Trattinnickia lawrancei",7286736,"Trattinnickia lawrancei","species"
"TRATLA-Trattinnickia lancifolia",3992462,"Trattinnickia lancifolia","species"
"TRATPS-Trattinnickia pseudocedrela",7286734,"Trattinnickia","genus"
"TREMMI-Trema micrantha",2984501,"Trema micranthum","species"
"TRICAD-Trichilia adolfi",3852221,"Trichilia adolfi","species"
"TRICCI-Trichilia cip",3190490,"Trichilia","genus"
"TRICDE-Trichilia densapunta",3190490,"Trichilia","genus"
"TRICEL-Trichilia elsae",3850939,"Trichilia elsae","species"
"TRICLA-Trichilia laxipaniculata",3849845,"Trichilia laxipaniculata","species"
"TRICMA-Trichilia maynasiana",3849551,"Trichilia maynasiana","species"
"TRICMI-Trichilia micrantha",3852930,"Trichilia micrantha","species"
"TRICMN-Trichilia miniraquis",3190490,"Trichilia","genus"
"TRICOB-Trichilia obovata",3852514,"Trichilia obovata","species"
"TRICPA-Trichilia pallida",3190491,"Trichilia pallida","species"
"TRICPO-Trichilia poeppigii",7271459,"Trichilia poeppigii","species"
"TRICQU-Trichilia quadrijuga",7271413,"Trichilia quadrijuga","species"
"TRICRU-Trichilia rubra",3851449,"Trichilia rubra","species"
"TRICSE-Trichilia septentrionalis",3851153,"Trichilia septentrionalis","species"
"TRICSO-Trichilia solitudinis",3850994,"Trichilia solitudinis","species"
"TRIGTR-Trigynaea triplinervis",3154853,"Trigynaea triplinervis","species"
"TRIPDU-Triplaris dugandii",4038383,"Triplaris dugandii","species"
"TRYMAM-Trymatococcus amazonicus",11724343,"Brosimum amazonicum","species"
"TURPOC-Turpinia occidentalis",5421358,"Turpinia occidentalis","species"
"UNONFL-Unonopsis floribunda",3157782,"Unonopsis floribunda","species"
"UNONVE-Unonopsis veneficiorum",3157823,"Unonopsis veneficiorum","species"
"URERBA-Urera baccifera",7411905,"Urera baccifera","species"
"VANTGU-Vantanea guianensis",3649222,"Vantanea guianensis","species"
"VATAIG-Vataireopsis iglesiasii",2965593,"Vataireopsis iglesiasii","species"
"VIRODI-Virola dixonii",3743473,"Virola dixonii","species"
"VIRODU-Virola duckei",3743458,"Virola duckei","species"
"VIROEL-Virola elongata",7171876,"Virola elongata","species"
"VIROFL-Virola flexuosa",3743391,"Virola flexuosa","species"
"VIROMI-Virola microfuzzy",3152843,"Virola","genus"
"VIROMO-Virola mollissima",3743067,"Virola mollissima","species"
"VIROMU-Virola multinervia",3743027,"Virola multinervia","species"
"VIROOB-Virola obovata",3742984,"Virola obovata","species"
"VIROPA-Virola pavonis",3744236,"Virola pavonis","species"
"VIROXX-Virola xx",3152843,"Virola","genus"
"VISMBA-Vismia baccifera",8113584,"Vismia baccifera","species"
"VISMBO-Vismia bosque",3189574,"Vismia","genus"
"VISMFL-Vismia floribunda",3714212,"Vismia floribunda","species"
"VISMMA-Vismia macrophylla",7798391,"Vismia macrophylla","species"
"VISMSP-Vismia sprucei",3713497,"Vismia sprucei","species"
"VITESC-Vitex schunkei",3903015,"Vitex schunkei","species"
"VITETR-Vitex triflora",7309189,"Vitex triflora","species"
"VOCHBR-Vochysia braceliniae",4030673,"Vochysia braceliniae","species"
"VOCHGR-Vochysia grandis",4030425,"Vochysia grandis","species"
"VOURAN-Vouarana anomala",3785412,"Vouarana anomala","species"
"WARSCC-Warszewiczia coccinea",5340116,"Warszewiczia coccinea","species"
"WARSCO-Warszewiczia cordata",5340130,"Warszewiczia cordata","species"
"WETTMA-Wettinia maynensis",2737000,"Wettinia maynensis","species"
"WITTST-Wittmackanthus stanleyanus",2903398,"Wittmackanthus stanleyanus","species"
"XYLOCU-Xylopia cuspidata",3157048,"Xylopia cuspidata","species"
"XYLOHI-Guatteria hiena",3155604,"Guatteria","genus"
"XYLOLI-Xylopia sericea",3157040,"Xylopia sericea","species"
"XYLSGL-Xylosma glanredonda",2874117,"Xylosma","genus"
"ZANTBR-Zanthoxylum brillante",3190076,"Zanthoxylum","genus"
"ZANTGL-Zanthoxylum glanredonda",3190076,"Zanthoxylum","genus"
"ZANTMA-Zanthoxylum margland",3190076,"Zanthoxylum","genus"
"ZANTNE-Zanthoxylum nervi",3190076,"Zanthoxylum","genus"
"ZANTPE-Zanthoxylum perp",3190076,"Zanthoxylum","genus"
"ZANTPN-Zanthoxylum pendiente",3190076,"Zanthoxylum","genus"
"ZANTSE-Zanthoxylum setulosum",3834280,"Zanthoxylum setulosum","species"
"ZANTSU-Zanthoxylum suave",3190076,"Zanthoxylum","genus"
"ZIZICI-Ziziphus cinnamomum",8994554,"Sarcomphalus cinnamomum","species"
"ZYGIHE-Zygia heteroneura",5347420,"Zygia heteroneura","species"
"ZYGIME-Zygia mediana",2939650,"Zygia","genus"
"ZYGIPA-Zygia pablo",2939650,"Zygia","genus"
"ZZCOOV-Unidentified ovni",2431,"Combretaceae","family"
"ZZFABR-Pterocarpus brillafuzzy",5349236,"Pterocarpus","genus"
"ZZFADI-Unidentified diploglauco",5386,"Fabaceae","family"
"ZZHIAT-Unidentified atenumembra",6715,"Celastraceae","family"
"ZZHIOL-Salacia ovalo",3169160,"Salacia","genus"
"ZZLABL-Unidentified bals",6688,"Lauraceae","family"
"ZZLACQ-Licaria chiquita",3033969,"Licaria","genus"
"ZZLACR-Unidentified chorongo",6688,"Lauraceae","family"
"ZZLAFU-Unidentified furrycanela",6688,"Lauraceae","family"
"ZZLAGB-Rhodostemonodaphne granbrillacuspi",7304348,"Rhodostemonodaphne","genus"
"ZZLAGV-Unidentified granverde",6688,"Lauraceae","family"
"ZZLAIF-Unidentified impresofalso",6688,"Lauraceae","family"
"ZZLALR-Unidentified largoarco",6688,"Lauraceae","family"
"ZZLALS-Unidentified lisagroovy",6688,"Lauraceae","family"
"ZZLAME-Unidentified medpubinervi",6688,"Lauraceae","family"
"ZZLAMO-Unidentified miniopacangulo",6688,"Lauraceae","family"
"ZZLAPO-Unidentified pelonegro",6688,"Lauraceae","family"
"ZZLASU-Yasunia sessiliflora",8075855,"Yasunia sessiliflora","species"
"ZZMABU-Unidentified bulondu",6676,"Malpighiaceae","family"
"ZZMAGR-Unidentified granoscura",6676,"Malpighiaceae","family"
"ZZMAMY-Unidentified myrtosco",6676,"Malpighiaceae","family"
"ZZMEAL-Unidentified alarganervi",2397,"Meliaceae","family"
"ZZMYCP-Unidentified cortezapeq",5014,"Myrtaceae","family"
"ZZMYFA-Unidentified falsasalas",5014,"Myrtaceae","family"
"ZZMYMP-Unidentified membrapelos",5014,"Myrtaceae","family"
"ZZMYPR-Unidentified prominsuave",5014,"Myrtaceae","family"
"ZZMYSC-Eugenia smedcomun",3177662,"Eugenia","genus"
"ZZMYSD-Unidentified smedcheilo",5014,"Myrtaceae","family"
"ZZMYSH-Unidentified smedhipocrat",5014,"Myrtaceae","family"
"ZZMYSP-Unidentified smedpubicost",5014,"Myrtaceae","family"
"ZZPITA-Unidentified talisiap",3694522,"Picramniaceae","family"
"ZZRUAP-Unidentified ampliovada",8798,"Rubiaceae","family"
"ZZRUNE-Sphinctanthus maculatus",2893764,"Sphinctanthus maculatus","species"
"ZZRUPS-Unidentified pseudoneoide",8798,"Rubiaceae","family"
"ZZRUWI-Unidentified wilson",8798,"Rubiaceae","family"
"ZZSAAM-Unidentified amarillasper",6657,"Sapindaceae","family"
"ZZSARU-Unidentified rua",6657,"Sapindaceae","family"
