Genus,SpeciesName,Mnemonic,Family,Authority,Idlevel
Abarema,jupunba,ABARJU,Fabaceae,(Willd.) Britton & Killip,species
Abarema,laeta,ABARLA,Fabaceae,(Benth.) Barneby & J.W. Grimes,species
Abuta,grandifolia,ABUTGR,Menispermaceae,(Mart.) Sandwith,species
Acalypha,cuneata,ACALCU,Euphorbiaceae,Poepp. & Endl.,species
Acalypha,pub,ACALPU,Euphorbiaceae,,genus
Acalypha,sharpdent,ACALSD,Euphorbiaceae,,genus
Acalypha,sharpub,ACALSH,Euphorbiaceae,,genus
Acanthosyris,annonagustata,ACANAN,Santalaceae,C. Ulloa & P. Jorg.,species
Acidoton,nicaraguensis,ACIDNI,Euphorbiaceae,(Hemsl.) G.L. Webster,species
Aegiphila,cordata,AEGIVI,Lamiaceae,Moldenke,species
Aegiphila,elegans,AEGIEL,Lamiaceae,Moldenke,species
Aegiphila,haughtii,AEGIHA,Lamiaceae,Moldenke,species
Aegiphila,integrifolia,AEGIIN,Lamiaceae,(Jacq.) B.D. Jacks.,species
Aegiphila,memboscu,AEGIME,Lamiaceae,,genus
Agonandra,peruviana,AGONPE,Opiliaceae,Hiepko,species
Agonandra,silvatica,AGONSI,Opiliaceae,Ducke,species
Agouticarpa,curviflora,AGOUCU,Rubiaceae,(Dwyer) C. Persson,species
Agouticarpa,isernii,AGOUIS,Rubiaceae,(Standl.) C. Persson,species
Agouticarpa,velutina,AGOUVE,Rubiaceae,C.H. Perss.,species
Aiouea,grandifolia,AIOUGR,Lauraceae,van der Werff,species
Aiouea,peloimpreso,AIOUPE,Lauraceae,,genus
Aiouea,pseudoclavija,AIOUPS,Lauraceae,,genus
Aiphanes,ulei,AIPHUL,Arecaceae,(Dammer) Burret,species
Albizia,niopoides,ALBINI,Fabaceae,(Spruce ex Benth.) Burkart,species
Alchornea,concev,ALC1CO,Euphorbiaceae,,genus
Alchornea,glandulosa,ALC1GL,Euphorbiaceae,Poepp.,species
Alchornea,triplinervia,ALC1TR,Euphorbiaceae,(Spreng.) M ll. Arg.,species
Alchorneopsis,floribunda,ALC2FL,Euphorbiaceae,(Benth.) M ll. Arg.,species
Alibertia,itayensis,ALIBIT,Rubiaceae,Standl.,species
Alibertia,jorge,ALIBJO,Rubiaceae,,genus
Alibertia,lance,ALIBLA,Rubiaceae,,genus
Alibertia,pelitos,ALIBPE,Rubiaceae,,genus
Alibertia,pilosa,ALIBPI,Rubiaceae,K. Krause,species
Allophylus,amazonicus,ALLOAM,Sapindaceae,(Mart.) Radlk.,species
Allophylus,divaricatus,ALLOSC,Sapindaceae,Radlk.,species
Allophylus,glabra,ALLOGL,Sapindaceae,,genus
Allophylus,pilosus,ALLOPI,Sapindaceae,(J.F. Macbr.) A.H. Gentry,species
Alseis,lugonis,ALSECO,Rubiaceae,L. Andersson,species
Alsophila,cuspidata,ALSOCU,Cyatheaceae,(Kunze) D.S. Conant,species
Amanoa,guianensis,AMANGU,Phyllanthaceae,Aubl.,species
Ampelocera,edentula,AMPEED,Ulmaceae,Kuhlm.,species
Ampelocera,longissima,AMPELO,Ulmaceae,Todzia,species
Amyris,amazonica,AMIRAM,Rutaceae,X. Cornejo & J. Kallunki,species
Amyris,macrocarpa,AMYRMA,Rutaceae,Gereau,species
Anaxagorea,brevipes,ANAXBR,Annonaceae,Benth.,species
Andira,inermis,ANDIIN,Fabaceae,(W. Wright) DC.,species
Andira,largapub,ANDILA,Fabaceae,,genus
Andira,macrocarpa,ANDIMC,Fabaceae,R.T. Penn.,species
Andira,multistipula,ANDIMU,Fabaceae,Ducke,species
Aniba,angulopepper,ANIBAN,Lauraceae,,genus
Aniba,guianensis,ANIBGU,Lauraceae,Aubl.,species
Aniba,hostmanniana,ANIBHO,Lauraceae,(Nees) Mez,species
Aniba,panurensis,ANIBPA,Lauraceae,(Meisn.) Mez,species
Aniba,riparia,ANIBRI,Lauraceae,(Nees) Mez,species
Aniba,taubertiana,ANIBTA,Lauraceae,Mez,species
Annona,ambotay,ANNOAM,Annonaceae,Aubl.,species
Annona,cuspidata,ROLLCU,Annonaceae,H. Rainer,species
Annona,dolichopetala,ROLLDO,Annonaceae,(R.E. Fr.) H.Rainer,species
Annona,duckei,ANNODU,Annonaceae,Diels,species
Annona,edulis,GUATGS,Annonaceae,(Triana & Planch.) H.Rainer),species
Annona,flacaglabra,ROLLFL,Annonaceae,,genus
Annona,glomerulifera,ROLLGL,Annonaceae,H. Rainer,species
Annona,mosaic,ANNOMO,Annonaceae,,genus
Annona,neochrysocarpa,ROLLCH,Annonaceae,H. Rainer,species
Annona,papilionella,ROLLPI,Annonaceae,(Diels) H. Rainer,species
Anthodiscus,amazonicus,ANTHAM,Caryocaraceae,Gleason & A.C. Sm.,species
Aparisthmium,cordatum,APARCO,Euphorbiaceae,(A. Juss.) Baill.,species
Apeiba,membranacea,APEIME,Malvaceae,Spruce ex Benth.,species
Apeiba,tibourbou,APEITI,Malvaceae,Aubl.,species
Aphelandra,crispata,APHECR,Acanthaceae,Leonard,species
Aphelandra,hylaea,APHEHY,Acanthaceae,Leonard,species
Aptandra,tubicina,APTATU,Olacaceae,(Poepp.) Benth. ex Miers,species
Apuleia,leiocarpa,APULLE,Fabaceae,(Vogel) J. F. Macbr.,species
Ardisia,densapunta,ARDIDE,Primulaceae,,genus
Ardisia,semibulada,ARDISE,Primulaceae,,genus
Aspidosperma,blancimpreso,ASPIBL,Apocynaceae,,genus
Aspidosperma,darienense,ASPIDA,Apocynaceae,Woodson ex Dwyer,species
Aspidosperma,megalocarpon,ASPIME,Apocynaceae,M ll. Arg.,species
Aspidosperma,rigidum,ASPIRI,Apocynaceae,Rusby,species
Aspidosperma,spruceanum,ASPISP,Apocynaceae,Benth. ex M ll. Arg.,species
Astrocaryum,chambira,ASTCCH,Arecaceae,Burret,species
Astrocaryum,urostachys,ASTCMU,Arecaceae,Burret.,species
Astronium,graveolens,ASTRGR,Anacardiaceae,Jacq.,species
Attalea,maripa,ATTAMA,Arecaceae,(Aubl.) Mart.,species
Bactris,corossilla,BACTCO,Arecaceae,H. Karst.,species
Bactris,maraja,BACTMA,Arecaceae,Trail,species
Bactris,simplicifrons,BACTSI,Arecaceae,Mart.,species
Banara,nitida,BANANI,Salicaceae,Spruce ex Benth.,species
Batocarpus,amazonicus,BATOAM,Moraceae,(Ducke) Fosberg,species
Batocarpus,costaricensis,BATOCO,Moraceae,Standl. & L.O. Williams,species
Batocarpus,orinocensis,BATOOR,Moraceae,H. Karst.,species
Bauhinia,brachycalyx,BAUHBR,Fabaceae,Ducke,species
Beilschmiedia,pendula,BEILPE,Lauraceae,(Sw.) Hemsl.,species
Bellucia,pentamera,BELLPE,Melastomataceae,Naudin,species
Bertiera,guianensis,BERTGU,Rubiaceae,Aubl.,species
Besleria,quadrangulata,BESLQU,Gesneriaceae,L.E. Skog,species
Besleria,stricta,BESLST,Gesneriaceae,L.E. Skog,species
Borojoa,claviflora,BOROCL,Rubiaceae,(K.Schum.) Cuatr.,species
Brosimum,acutifolium,BROSAC,Moraceae,Huber,species
Brosimum,guianense,BROSGU,Moraceae,(Aubl.) Huber,species
Brosimum,lactescens,BROSLA,Moraceae,(S. Moore) C.C. Berg,species
Brosimum,potabile,BROSPO,Moraceae,Ducke,species
Brosimum,utile,BROSUT,Moraceae,(Kunth) Pittier,species
Brownea,grandiceps,BROWGR,Fabaceae,Jacq.,species
Brownea,jaramilloi,BROWLO,Fabaceae,A.J. P rez & Klitg.,species
Brownea,rosada,BROWRO,Fabaceae,,genus
Brunfelsia,chiricaspi,BRUNCH,Solanaceae,Plowman,species
Brunfelsia,grandiflora,BRUNSH,Solanaceae,Plowman,species
Buchenavia,congesta,BUCHCO,Combretaceae,Ducke,species
Buchenavia,grandis,BUCHGR,Combretaceae,Ducke,species
Buchenavia,macrophylla,BUCHMA,Combretaceae,Eichler,species
Buchenavia,ob,TERMOB,Combretaceae,,genus
Buchenavia,oxycarpa,BUCHPU,Combretaceae,(Mart.) Eichler,species
Buchenavia,parvifolia,BUCHPA,Combretaceae,Ducke,species
Bunchosia,argentea,BUNCAR,Malpighiaceae,(Jacq.) DC.,species
Bunchosia,blanquita,BUNCBL,Malpighiaceae,,genus
Bunchosia,myrt,BUNCMY,Malpighiaceae,,genus
Byrsonima,juanito,BYRSJU,Malpighiaceae,,genus
Byrsonima,putumayensis,BYRSPU,Malpighiaceae,Cuatrec.,species
Cabralea,canjerana,CABRCA,Meliaceae,(Vell.) Mart.,species
Calliandra,carbonaria,CALLCA,Fabaceae,Benth.,species
Calophyllum,brasiliense,CALOBR,Calophyllaceae,Cambess.,species
Calycophyllum,megistocaulum,CALCME,Rubiaceae,(K. Krause) C.M. Taylor,species
Calyptranthes,bipennis,CALPBI,Myrtaceae,O. Berg,species
Calyptranthes,glandulosa,CALPPC,Myrtaceae,M.L. Kawas. & B. Holst,species
Calyptranthes,grancauli,CALPGC,Myrtaceae,,genus
Calyptranthes,loraine,CALPLO,Myrtaceae,,genus
Calyptranthes,manuensis,CALPPS,Myrtaceae,B. Holst & M.L. Kawasaki,species
Calyptranthes,maxima,CALPGI,Myrtaceae,McVaugh,species
Calyptranthes,nervata,CALPNE,Myrtaceae,M.L. Kawas. & B. Holst,species
Calyptranthes,pelopalida,CALPPE,Myrtaceae,,genus
Calyptranthes,plicata,CALPPL,Myrtaceae,McVaugh,species
Calyptranthes,punteada,CALPPT,Myrtaceae,,genus
Calyptranthes,ruiziana,CALPRU,Myrtaceae,O. Berg,species
Calyptranthes,sedosa,CALPSE,Myrtaceae,,genus
Calyptranthes,speciosa,CALPSP,Myrtaceae,Sagot,species
Campomanesia,lineatifolia,CAMPLI,Myrtaceae,Ruiz & Pav.,species
Capirona,decorticans,CAPIDE,Rubiaceae,Spruce,species
Capparidastrum,osmanthum,CAPPOS,Capparaceae,(Diels) Cornejo & Iltis,species
Capparidastrum,solum,CAPPSO,Capparaceae,(J.F. Macbr.) X. Cornejo & H.H. Iltis,species
Caraipa,comun,CARACO,Calophyllaceae,,genus
Carica,brillante,CARIBR,Caricaceae,,genus
Carica,microcarpa,CARIMI,Caricaceae,Jacq.,species
Carpotroche,longifolia,CARPLO,Salicaceae,Benth.,species
Caryocar,glabrum,CARYGL,Caryocaraceae,(Aubl.) Pers.,species
Caryodaphnopsis,chica,CAROCH,Lauraceae,,genus
Caryodaphnopsis,fosteri,CAROFO,Lauraceae,van der Werff,species
Caryodaphnopsis,tomentosa,CAROTO,Lauraceae,van der Werff,species
Caryodendron,orinocense,CARDOR,Euphorbiaceae,H. Karst.,species
Casearia,aculeata,CASEAC,Salicaceae,Jacq.,species
Casearia,arborea,CASEAE,Salicaceae,(Rich.) Urb.,species
Casearia,argut,CASEAR,Salicaceae,,genus
Casearia,bracteifera,CASEBR,Salicaceae,Sagot,species
Casearia,javitensis,CASEJA,Salicaceae,Kunth,species
Casearia,nigricans,CASENI,Salicaceae,Sleumer,species
Casearia,pitumba,CASEPI,Salicaceae,Sleumer,species
Casearia,prunicerob,CASEPR,Salicaceae,,genus
Casearia,prunifolia,CASEPF,Salicaceae,Kunth,species
Casearia,sylvepub,CASESP,Salicaceae,,genus
Casearia,sylvestris,CASESY,Salicaceae,Sw.,species
Casearia,tubiflora,CASETU,Salicaceae,,genus
Casearia,ulmifolia,CASEUL,Salicaceae,Vahl ex Vent.,species
Cassia,cowanii,CASSCO,Fabaceae,H.S. Irwin & Barneby,species
Castilla,ulei,CASTUL,Moraceae,Harb.,species
Cathedra,acuminata,CATHAC,Olacaceae,(Benth.) Miers,species
Cecropia,engleriana,CECREN,Urticaceae,Snethl.,species
Cecropia,ficifolia,CECRFI,Urticaceae,Warb. ex Snethl.,species
Cecropia,herthae,CECRHE,Urticaceae,Diels,species
Cecropia,marginalis,CECRMA,Urticaceae,Cuatrec.,species
Cecropia,membranacea,CECRME,Urticaceae,Tr cul,species
Cecropia,putumayonis,CECRPU,Urticaceae,Cuatrec.,species
Cecropia,sciadophylla,CECRSC,Urticaceae,Mart.,species
Cedrela,odorata,CEDAOD,Meliaceae,L.,species
Cedrelinga,cateniformis,CEDGCA,Fabaceae,Ducke,species
Ceiba,pentandra,CEIBPE,Malvaceae,L. Gaertn.,species
Ceiba,samauma,CEIBSA,Malvaceae,(Mart.) K. Schum.,species
Celtis,schippii,CELTSC,Cannabaceae,Standl.,species
Centropogon,loretensis,CENTLO,Campanulaceae,E. Wimm.,species
Cestrum,megalophyllum,CESTME,Solanaceae,Dunal,species
Cestrum,silvaticum,CESTSI,Solanaceae,Francey,species
Cestrum,tomentosum,CESTTO,Solanaceae,L. f.,species
Chamaedorea,pauciflora,CHAMPA,Arecaceae,Mart.,species
Chamaedorea,pinnatifrons,CHAMPI,Arecaceae,(Jacq.) Oerst.,species
Cheiloclinium,cognatum,CHEICO,Celastraceae,(Miers) A.C. Sm.,species
Chimarrhis,glabriflora,CHIMGL,Rubiaceae,Ducke,species
Chimarrhis,jacob,CHIMJA,Rubiaceae,,genus
Chionanthus,implicatus,CHIOOP,Oleaceae,(Rusby) P.S. Green,species
Chlorocardium,2subopo,CHLO2S,Lauraceae,,genus
Chomelia,polyantha,CHOMPO,Rubiaceae,S.F. Blake,species
Chomelia,tenuiflora,CHOMCO,Rubiaceae,Benth.,species
Chrysochlamys,fragil,CHRCFR,Clusiaceae,,genus
Chrysochlamys,hugo,CHRCHU,Clusiaceae,,genus
Chrysochlamys,membranacea,CHRCME,Clusiaceae,Planch. & Triana,species
Chrysochlamys,tenuifolia,CHRCTE,Clusiaceae,Cuatrec.,species
Chrysophyllum,amazonicum,CHRYAM,Sapotaceae,T.D. Penn.,species
Chrysophyllum,argenteum,CHRYAR,Sapotaceae,Jacq.,species
Chrysophyllum,cuneifolium,CHRYCU,Sapotaceae,(Rudge) A. DC.,species
Chrysophyllum,manaosense,CHRYMA,Sapotaceae,(Aubr v.) T.D. Penn.,species
Chrysophyllum,minor,CHRYMI,Sapotaceae,,genus
Chrysophyllum,ovale,CHRYOV,Sapotaceae,Rusby,species
Chrysophyllum,tremi,CHRYTR,Sapotaceae,,genus
Chrysophyllum,venezuelanense,CHRYVE,Sapotaceae,(Pierre) T.D. Penn.,species
Cinnamomum,napoense,CINNNA,Lauraceae,van der Werff,species
Cinnamomum,triplinerve,CINNTR,Lauraceae,(Kunth) Koesterm.,species
Citharexylum,poeppigii,CITHPO,Verbenaceae,Walp.,species
Clarisia,biflora,CLARBI,Moraceae,Ruiz & Pav.,species
Clarisia,racemosa,CLARRA,Moraceae,Ruiz & Pav.,species
Clavija,delgada,CLAVDE,Primulaceae,,genus
Clavija,procera,CLAVPR,Primulaceae,B. St hl,species
Clavija,weberbaueri,CLAVWE,Primulaceae,Mez,species
Clidemia,dimorphica,CLIDDI,Melastomataceae,J.F. Macbr.,species
Coccoloba,cordi,COCCCO,Polygonaceae,,genus
Coccoloba,densifrons,COCCDE,Polygonaceae,Mart. ex Meisn.,species
Coccoloba,gigante,COCCGI,Polygonaceae,,genus
Coccoloba,jill,COCCJI,Polygonaceae,,genus
Coccoloba,lancifuzz,COCCLA,Polygonaceae,,genus
Coccoloba,mollis,COCCMO,Polygonaceae,Casar.,species
Coccoloba,ninfi,COCCNI,Polygonaceae,,genus
Coccoloba,papel,COCCPA,Polygonaceae,,genus
Coccoloba,puntoblanco,COCCPB,Polygonaceae,,genus
Coccoloba,puntonegro,COCCPU,Polygonaceae,,genus
Coccoloba,subscab,COCCSU,Polygonaceae,,genus
Colubrina,arbol,COLUAR,Rhamnaceae,,genus
Compsoneura,capitellata,COMPCA,Myristicaceae,(A. DC.) Warb.,species
Compsoneura,ulei,COMPUL,Myristicaceae,Warb.,species
Conceveiba,rhytidocarpa,CONCRH,Euphorbiaceae,M ll. Arg. in Mart.,species
Cordia,alliodora,CORDAL,Boraginaceae,(Ruiz & Pav.) Cham.,species
Cordia,buladent,CORDBU,Boraginaceae,,genus
Cordia,chamissoniana,CORDCH,Boraginaceae,Steud.,species
Cordia,collococca,CORDCO,Boraginaceae,L.,species
Cordia,hebeclada,CORDHE,Boraginaceae,I.M. Johnst.,species
Cordia,joli,CORDJO,Boraginaceae,,genus
Cordia,kingstoniana,CORDKI,Boraginaceae,J.S. Mill.,species
Cordia,nodosa,CORDNO,Boraginaceae,Lam.,species
Cordia,ucayaliensis,CORDUC,Boraginaceae,(I.M. Johnst.) I.M. Johnst.,species
Couepia,obovata,COUEOB,Chrysobalanaceae,Ducke,species
Couepia,parillo,COUEPA,Chrysobalanaceae,DC.,species
Couratari,guianensis,COUTGU,Lecythidaceae,Aubl.,species
Couroupita,guianensis,COURGU,Lecythidaceae,Aubl.,species
Coussapoa,orthoneura,COSSOR,Urticaceae,Standl.,species
Coussarea,brevi,COUSBR,Rubiaceae,,genus
Coussarea,cephaeloides,COUSCE,Rubiaceae,C.M. Taylor,species
Coussarea,dulcifolia,COUSDU,Rubiaceae,"D.A. Neill, Cer n & C.M. Taylor",species
Coussarea,klugii,COUSKL,Rubiaceae,Steyerm.,species
Cremastosperma,cauliflorum,CREMCA,Annonaceae,R.E. Fr.,species
Cremastosperma,gracilipes,CREMGR,Annonaceae,R.E. Fr.,species
Crepidospermum,goudotianum,CREPGO,Burseraceae,(Tul.) Triana & Planch.,species
Crepidospermum,rhoifolium,CREPRH,Burseraceae,(Benth.) Triana & Planch.,species
Croton,lechleri,CROTLE,Euphorbiaceae,M ll. Arg.,species
Cryptocarya,yasuniensis,CRYPNO,Lauraceae,P.L.R. de Moraes & van der Werff,species
Cuatresia,glabra,CUATGL,Solanaceae,,genus
Cupania,cinerea,CUPACI,Sapindaceae,Poepp.,species
Cupania,livida,CUPALI,Sapindaceae,(Radlk.) Croat,species
Cyathea,lasiosora,CYATLA,Cyatheaceae,(Mett. ex Kuhn) Domin,species
Cyathea,pungens,CYATPU,Cyatheaceae,(Willd.) Domin,species
Cybianthus,anthuriophyllus,CYBIAN,Primulaceae,Pipoly,species
Cybianthus,perseon,CYBIPE,Primulaceae,,genus
Cymbopetalum,coriaceum,CYMBCO,Annonaceae,N.A. Murray,species
Dacryodes,gorda,DACRGO,Burseraceae,,genus
Dacryodes,peruviana,DACRPE,Burseraceae,(Loes.) H.J. Lam,species
Dalbergia,frutescens,DALBFR,Fabaceae,(Vell.) Britton,species
Dalbergia,nigrescens,DALBNI,Fabaceae,Kurz,species
Dendrobangia,boliviana,DENBBO,Cardiopteridaceae,Rusby,species
Dendropanax,arboreus,DENDAR,Araliaceae,(L.) Dec. & Planch,species
Dendropanax,caucanus,DENDCA,Araliaceae,(Harms) Harms,species
Dendropanax,querceti,DENDQU,Araliaceae,Donn. Sm.,species
Dialium,guianense,DIALGU,Fabaceae,(Aubl.) Sandwith,species
Dilkea,parviflora,DILKPA,Passifloraceae,Killip,species
Diospyros,artanthifolia,DIOSAR,Ebenaceae,Mart. ex Miq.,species
Diospyros,capreifolia,DIOSCR,Ebenaceae,Mart. ex Hiern,species
Diospyros,ekodul,DIOSEK,Ebenaceae,B. Walln.,species
Diospyros,pseudoxylopia,DIOSPS,Ebenaceae,Mildbr.,species
Diospyros,subrotata,DIOSSU,Ebenaceae,Hiern,species
Diploon,cuspidatum,DIPOCU,Sapotaceae,(Hoehne) Cronquist,species
Diplotropis,pterochic,DIPLPT,Fabaceae,,genus
Diplotropis,purpurea,DIPLPU,Fabaceae,(Rich.) Amshoff,species
Discophora,guianensis,DISCGU,Stemonuraceae,Miers,species
Drypetes,amazonica,DRYPAM,Putranjivaceae,Steyerm.,species
Drypetes,papilosa,DRYPPA,Putranjivaceae,,genus
Drypetes,variabilis,DRYPVA,Euphorbiaceae,Uittien,species
Duguetia,cortaten,DUGUCO,Annonaceae,,genus
Duguetia,hadrantha,DUGUHA,Annonaceae,(Diels) R.E. Fr.,species
Duguetia,quitarensis,DUGUQU,Annonaceae,Benth.,species
Duguetia,spixiana,DUGUSP,Annonaceae,Mart.,species
Duguetia,surinamensis,DUGUSU,Annonaceae,R.E. Fr.,species
Dulacia,candida,DULACA,Olacaceae,(Poepp.) Kuntze,species
Duroia,hirsuta,DUROHI,Rubiaceae,(Poepp.) K. Schum.,species
Dussia,delgada,DUSSDE,Fabaceae,,genus
Dussia,pelosblancos,DUSSPE,Fabaceae,,genus
Dussia,tessmannii,DUSSTE,Fabaceae,Harms,species
Ecclinusa,angostaestipul,ECCLAN,Sapotaceae,,genus
Ecclinusa,guianensis,ECCLGU,Sapotaceae,Eyma,species
Elaeoluma,glabrescens,ELAEGL,Sapotaceae,(Mart. & Eichler) Aubr v.,species
Endlicheria,bracteata,ENDLBR,Lauraceae,Mez,species
Endlicheria,burbujas,ENDLBU,Lauraceae,,genus
Endlicheria,canescens,ENDLCA,Lauraceae,Chanderbali,species
Endlicheria,directonervia,ENDLTE,Lauraceae,C.K. Allen,species
Endlicheria,dori,ENDLDO,Lauraceae,,genus
Endlicheria,falsadyso,ENDLFA,Lauraceae,,genus
Endlicheria,formosa,ENDLFO,Lauraceae,A.C. Sm.,species
Endlicheria,krukovii,ENDLKR,Lauraceae,(A.C. Sm.) Kosterm.,species
Endlicheria,platagigante,ENDLPL,Lauraceae,,genus
Endlicheria,sericea,ENDLSE,Lauraceae,Nees,species
Endlicheria,tschudyana,ENDLTS,Lauraceae,(Lasser) Kosterm.,species
Enterolobium,barnebianum,ENTEBA,Fabaceae,Mesquita & M. F. Silva,species
Eriotheca,globosa,ERIOGL,Malvaceae,(Aubl.) A. Robyns,species
Erisma,uncinatum,ERISUN,Vochysiaceae,Warm. in Mart.,species
Erythrina,amazonica,ERYNAM,Fabaceae,Krukoff,species
Erythroxylum,gracilipes,ERYOGR,Erythroxylaceae,Peyr. in Mart.,species
Erythroxylum,macrophyllum,ERYOMA,Erythroxylaceae,Plowman,species
Erythroxylum,squamatum,ERYOSQ,Erythroxylaceae,Sw.,species
Eschweilera,andina,ESCHAN,Lecythidaceae,(Rusby) Macbr.,species
Eschweilera,bracteosa,ESCHBR,Lecythidaceae,(Poepp. ex O. Berg) Miers,species
Eschweilera,coriacea,ESCHCO,Lecythidaceae,(DC.) S.A. Mori,species
Eschweilera,giga,ESCHGI,Lecythidaceae,,genus
Eschweilera,gigantea,ESCHGG,Lecythidaceae,(Knuth) J.F. Macbr.,species
Eschweilera,gigarco,ESCHGR,Lecythidaceae,,genus
Eschweilera,juruensis,ESCHJU,Lecythidaceae,Kunth,species
Eschweilera,rufifolia,ESCHRU,Lecythidaceae,S.A. Mori,species
Esenbeckia,amazonica,ESENAM,Rutaceae,Kaastra,species
Eugenia,egensis,EUGEEG,Myrtaceae,DC.,species
Eugenia,feijoi,EUGEFE,Myrtaceae,O. Berg,species
Eugenia,florida,EUGEFL,Myrtaceae,DC.,species
Eugenia,granvariable,EUGEGV,Myrtaceae,,genus
Eugenia,lambertiana,EUGELA,Myrtaceae,DC.,species
Eugenia,longisepala,EUGEGR,Myrtaceae,M.L. Kawas. & B. Holst,species
Eugenia,macrocalyx,EUGEMC,Myrtaceae,(Rusby) McVaugh,species
Eugenia,margot,EUGEMA,Myrtaceae,,genus
Eugenia,medioperp-rojo,EUGEME,Myrtaceae,,genus
Eugenia,medioperp-verde,EUGEMV,Myrtaceae,,genus
Eugenia,membranegra,EUGEMN,Myrtaceae,,genus
Eugenia,multirimosa,EUGEMU,Myrtaceae,McVaugh,species
Eugenia,panosadorada,EUGEPA,Myrtaceae,,genus
Eugenia,pseudopanosa,EUGEPS,Myrtaceae,,genus
Eugenia,pusilliflora,EUGEMI,Myrtaceae,M.L. Kawas. & B. Holst,species
Eugenia,ramamarilla,EUGERA,Myrtaceae,,genus
Eugenia,schunkei,EUGESC,Myrtaceae,McVaugh,species
Eugenia,smedbrosimoid,EUGESB,Myrtaceae,,genus
Eugenia,smedcomun,ZZMYSC,Myrtaceae,,genus
Eugenia,smedcostacrasa,EUGESS,Myrtaceae,,genus
Eugenia,smedcostadorada,EUGESD,Myrtaceae,,genus
Eugenia,smedmaboid,EUGESM,Myrtaceae,,genus
Eugenia,yasuniana,EUGEYA,Myrtaceae,B. Holst & M.L. Kawas,species
Euplassa,milton,EUPLMI,Proteaceae,,genus
Euterpe,precatoria,EUTEPR,Arecaceae,Mart.,species
Exostema,maynense,EXOSMA,Rubiaceae,Poepp. & Endl.,species
Faramea,capillipes,FARACA,Rubiaceae,M ll. Arg.,species
Faramea,glandulosa,FARAGL,Rubiaceae,Poepp. & Endl.,species
Faramea,multiflora,FARAMU,Rubiaceae,A. Rich. ex DC.,species
Faramea,quinqueflora,FARAQU,Rubiaceae,Poepp. & Endl.,species
Faramea,torquata,FARATO,Rubiaceae,M ll. Arg.,species
Faramea,uncinata,FARAUN,Rubiaceae,C.M. Taylor,species
Ficus,acreana,FICUAC,Moraceae,C.C. Berg,species
Ficus,americana,FICUAM,Moraceae,(Desv. ex Ham.) C.C. Berg,species
Ficus,crocata,FICUCR,Moraceae,Miq.) Miq.,species
Ficus,cuatrecasasiana,FICUCU,Moraceae,Dugand,species
Ficus,donnell-smithii,FICUDO,Moraceae,Standl.,species
Ficus,ecuadorensis,FICUEC,Moraceae,C.C. Berg,species
Ficus,gomelleira,FICUGO,Moraceae,Kunth & Bouch ,species
Ficus,maxima,FICUMA,Moraceae,Mill.,species
Ficus,nymphaeifolia,FICUNY,Moraceae,Mill.,species
Ficus,obtusifolia,FICUOB,Moraceae,Kunth,species
Ficus,oveja,FICUOV,Moraceae,,genus
Ficus,piresiana,FICUPI,Moraceae,V zq. Avila & C.C. Berg,species
Ficus,pulchella,FICUPU,Moraceae,Schott ex Spreng.,species
Ficus,schippii,FICUBA,Moraceae,Standl.,species
Ficus,schultesii,FICUST,Moraceae,Dugand,species
Ficus,trigona,FICUTR,Moraceae,L. f.,species
Froesia,diffusa,FROEDI,Ochnaceae,Gereau & V squez,species
Garcinia,brasiliensis,GARCBR,Clusiaceae,Mart.,species
Garcinia,macrophylla,GARCMC,Clusiaceae,Mart.,species
Garcinia,madruno,GARCMA,Clusiaceae,(H. B. K.) Hammel,species
Genipa,americana,GENIAM,Rubiaceae,L.,species
Geonoma,aspidiifolia,GEONCO,Arecaceae,Spruce,species
Geonoma,maxima,GEONMA,Arecaceae,(Poit.) Kunth,species
Geonoma,stricta,GEONST,Arecaceae,(Poit.) Kunth,species
Geonoma,triglochin,GEONTR,Arecaceae,Burret,species
Gloeospermum,equatoriense,GLOEEQ,Violaceae,Hekking,species
Gloeospermum,esferica,GLOEES,Violaceae,,genus
Gloeospermum,longifolium,GLOELO,Violaceae,Hekking,species
Glycydendron,amazonicum,GLYCAM,Euphorbiaceae,Ducke,species
Gordonia,fruticosa,GORDFR,Theaceae,(Schrad.) H. Keng,species
Grias,neuberthii,GRIANE,Lecythidaceae,J.F. Macbr.,species
Guapira,clasica,GUAPCL,Nyctaginaceae,,genus
Guapira,granclasica,GUAPGR,Nyctaginaceae,,genus
Guarea,carinata,GUARCA,Meliaceae,Ducke,species
Guarea,ecuadoriensis,GUAREC,Meliaceae,W. Palacios,species
Guarea,falsakunth,GUARFA,Meliaceae,,genus
Guarea,fistulosa,GUARFI,Meliaceae,W. Palacios,species
Guarea,gigakunth,GUARGI,Meliaceae,,genus
Guarea,glabra,GUARGL,Meliaceae,Vahl,species
Guarea,gomma,GUARGO,Meliaceae,Pulle,species
Guarea,grandifolia,GUARGR,Meliaceae,DC.,species
Guarea,guentheri,GUARGU,Meliaceae,Harms,species
Guarea,guenthfuzzy,GUARGZ,Meliaceae,,genus
Guarea,kunthiana,GUARKU,Meliaceae,A. Juss.,species
Guarea,macrophylla,GUARMA,Meliaceae,Vahl,species
Guarea,pseudokunthiana,GUARPS,Meliaceae,,genus
Guarea,pterorhachis,GUARPT,Meliaceae,Harms,species
Guarea,pubescens,GUARPB,Meliaceae,(Rich.) A. Juss.,species
Guarea,pubinervi,GUARPN,Meliaceae,,genus
Guarea,purusana,GUARPU,Meliaceae,C. DC.,species
Guarea,silvatica,GUARSI,Meliaceae,C. DC.,species
Guatteria,asplundiana,GUATGR,Annonaceae,R.E. Fr.,species
Guatteria,duodecima,GUATPL,Annonaceae,Maas & Westra,species
Guatteria,gigante,GUATGI,Annonaceae,,genus
Guatteria,glaberrima,GUATGL,Annonaceae,R.E. Fr.,species
Guatteria,hiena,XYLOHI,Annonaceae,,genus
Guatteria,multivenia,GUATMU,Annonaceae,Diels,species
Guatteria,punctomarron,GUATPC,Annonaceae,,genus
Guatteria,recurvisepala,GUATRE,Annonaceae,R.E. Fr.,species
Guatteria,scalarinervia,GUATPU,Annonaceae,D.R. Simpson,species
Guatteria,stipitata,GUATCI,Annonaceae,R.E. Fr.,species
Guettarda,acreana,GUETAC,Rubiaceae,K. Krause,species
Gustavia,hexapetala,GUSTHE,Lecythidaceae,(Aubl.) Sm.,species
Gustavia,longifolia,GUSTLO,Lecythidaceae,Poepp. ex O. Berg,species
Hasseltia,floribunda,HASSFL,Salicaceae,Kunth,species
Hasseltia,hasseltomen,HASSHA,Salicaceae,,genus
Heisteria,acuminata,HEISAC,Olacaceae,(Humb. & Bonpl.) Engl.,species
Heisteria,flacarco,HEISFL,Olacaceae,,genus
Heisteria,grande,HEISGR,Olacaceae,,genus
Heisteria,multiglan,HEISMU,Olacaceae,,genus
Heisteria,nitida,HEISNI,Olacaceae,Engl.,species
Helicostylis,tomentosa,HELITO,Moraceae,(Poepp. & Endl.) Rusby,species
Helicostylis,turbinata,HELITU,Moraceae,C.C. Berg,species
Henriettella,aspera,HENRAS,Melastomataceae,,genus
Herrania,cuatrecasana,HERRCU,Malvaceae,Garc a-Barr.,species
Herrania,nitida,HERRNI,Malvaceae,(Poepp.) R. Schultes,species
Hevea,guianensis,HEVEGU,Euphorbiaceae,Aubl.,species
Hieronyma,alchorneoides,HIERAL,Phyllanthaceae,P. Franco,species
Hieronyma,oblonga,HIEROB,Phyllanthaceae,(Tul.) M ll. Arg.,species
Himatanthus,sucuuba,HIMASU,Apocynaceae,(Spruce ex M ll. Arg.) Woodson,species
Hirtella,excelsa,HIRTEX,Chrysobalanaceae,Standl. ex Prance,species
Hirtella,racemosa,HIRTRA,Chrysobalanaceae,Lam.,species
Huertea,glandulosa,HUERGL,Tapisciaceae,Ruiz & Pav.,species
Hymenaea,oblongifolia,HYMAOB,Fabaceae,Huber,species
Hymenolobium,stipsericea,HYMEST,Fabaceae,,genus
Hyospathe,elegans,HYOSEL,Arecaceae,Mart.,species
Inga,2ala-angosta,INGA2A,Fabaceae,,genus
Inga,3crasa,INGA3C,Fabaceae,,genus
Inga,3oscura,INGA3O,Fabaceae,,genus
Inga,4alitarco,INGA4A,Fabaceae,,genus
Inga,6cuadra,INGA6C,Fabaceae,,genus
Inga,acreana,INGAAC,Fabaceae,Harms,species
Inga,alata,INGAAL,Fabaceae,Benoist,species
Inga,alba,INGAAB,Fabaceae,(Sw.) Willd.,species
Inga,auristellae,INGAAU,Fabaceae,Harms,species
Inga,bourgonii,INGABO,Fabaceae,(Aubl.) DC.,species
Inga,brachyrhachis,INGABR,Fabaceae,Harms,species
Inga,capitata,INGACA,Fabaceae,Desv.,species
Inga,cayennensis,INGACY,Fabaceae,Sagot ex Benth.,species
Inga,ciliata,INGACI,Fabaceae,C. Presl,species
Inga,cinnamomea,INGACN,Fabaceae,Spruce ex Benth.,species
Inga,cordatoalata,INGACO,Fabaceae,Ducke,species
Inga,falsacre,INGAFA,Fabaceae,,genus
Inga,heterophylla,INGAHE,Fabaceae,Willd.,species
Inga,leiocalycina,INGALE,Fabaceae,Benth.,species
Inga,marginata,INGAMA,Fabaceae,Willd.,species
Inga,microcoma,INGAMI,Fabaceae,Harms,species
Inga,multinervis,INGAMU,Fabaceae,T.D. Penn.,species
Inga,nobilis,INGANO,Fabaceae,Willd.,species
Inga,oerstediana,INGAOE,Fabaceae,Benth.,species
Inga,poeppigiana,INGAPO,Fabaceae,Benth.,species
Inga,punctata,INGAPU,Fabaceae,Willd.,species
Inga,ruiziana,INGARU,Fabaceae,G. Don,species
Inga,rusbyi,INGARS,Fabaceae,Pittier,species
Inga,sapindoides,INGASA,Fabaceae,Willd.,species
Inga,sarayacuensis,INGASR,Fabaceae,T.D. Penn.,species
Inga,sertulifera,INGASE,Fabaceae,DC.,species
Inga,spectabilis,INGASB,Fabaceae,(Vahl) Willd.,species
Inga,stellaeglabra,INGASL,Fabaceae,,genus
Inga,stipulacea,INGASP,Fabaceae,G. Don,species
Inga,striata,INGAST,Fabaceae,Benth.,species
Inga,tenuistipula,INGATE,Fabaceae,Ducke,species
Inga,tessmannii,INGATS,Fabaceae,Harms,species
Inga,thibaudiana,INGATH,Fabaceae,Harms,species
Inga,tocacheana,INGATO,Fabaceae,D. Simpson,species
Inga,umbellifera,INGAUE,Fabaceae,(Vahl) Steud.,species
Inga,umbratica,INGAUM,Fabaceae,Poepp. & Endl.,species
Inga,velutina,INGAVE,Fabaceae,Willd.,species
Inga,vismiifolia,INGAVI,Fabaceae,Poepp.,species
Inga,yacoana,INGAYA,Fabaceae,J.F. Macbr.,species
Iriartea,deltoidea,IRIADE,Arecaceae,Ruiz & Pav.,species
Iryanthera,grandis,IRYAGR,Myristicaceae,Ducke,species
Iryanthera,hostmannii,IRYAHO,Myristicaceae,(Benth.) Warb.,species
Iryanthera,juruensis,IRYAJU,Myristicaceae,Warb.,species
Iryanthera,paraensis,IRYAPA,Myristicaceae,Huber,species
Ixora,acuminatissima,IXORAC,Rubiaceae,M ll. Arg.,species
Ixora,killipii,IXORKI,Rubiaceae,Standl.,species
Ixora,panurensis,IXORPA,Rubiaceae,M ll. Arg.,species
Ixora,yavitensis,IXORYA,Rubiaceae,Steyerm.,species
Jacaranda,copaia,JACACO,Bignoniaceae,(Aubl.) D. Don,species
Jacaranda,glabra,JACAGL,Bignoniaceae,(A. DC.) Bureau & K. Schum.,species
Jacaratia,digitata,JACTDI,Caricaceae,(Poepp. & Engl.) Solms,species
Justicia,sanchezioides,JUSTSA,Acanthaceae,Leonard,species
Klarobelia,napoensis,KLARNA,Annonaceae,Chatrou,species
Kutchubaea,semisericea,KOTCSE,Rubiaceae,Ducke,species
Lacistema,aggregatum,LACIAG,Lacistematacea,(P.J. Bergius) Rusby,species
Lacistema,med,LACIME,Lacistematacea,,genus
Lacistema,nena,LACINE,Lacistematacea,J.F. Macbr.,species
Lacmellea,lactescens,LACMLA,Apocynaceae,(Kuhlm.) Markgr.,species
Lacmellea,oblongata,LACMOB,Apocynaceae,Markgr.,species
Lacunaria,crenada,LACUCR,Ochnaceae,,genus
Lacunaria,jenmanii,LACUJE,Ochnaceae,(Oliv.) Ducke,species
Laetia,procera,LAETPR,Salicaceae,(Poepp.) Eichler,species
Laxoplumeria,tessmannii,LAXOTE,Apocynaceae,Markgr.,species
Leandra,aristigera,LEANAR,Melastomataceae,(Naudin) Cogn.,species
Leandra,blanca,LEANBL,Melastomataceae,,genus
Leandra,chaetodon,LEANCH,Melastomataceae,(DC.) Cogn.,species
Leandra,longicoma,LEANLO,Melastomataceae,Cogn.,species
Lecointea,peruviana,LECOPE,Fabaceae,Standl. ex J.F. Macbr.,species
Leonia,crassa,LEONCR,Violaceae,L.B. Sm. & A. Fern ndez,species
Leonia,glycycarpa,LEONGL,Violaceae,Ruiz & Pav.,species
Leonia,occidentalis,LEONOC,Violaceae,Cuatrec. ex L.B. Sm. & A. Fern ndez,species
Licania,arborea,LICAAR,Chrysobalanaceae,Seem.,species
Licania,blancostaverde,LICABL,Chrysobalanaceae,,genus
Licania,brittoniana,LICABR,Chrysobalanaceae,Fritsch,species
Licania,caudata,LICACA,Chrysobalanaceae,Prance,species
Licania,filo,LICAFI,Chrysobalanaceae,,genus
Licania,harlingii,LICAHA,Chrysobalanaceae,Prance,species
Licania,hipofuzzy,LICAHI,Chrysobalanaceae,,genus
Licania,longipedicellat,LICALG,Chrysobalanaceae,Ducke,species
Licania,longistyla,LICALO,Chrysobalanaceae,(Hook. f.) Fritsch,species
Licania,macrocarpa,LICAMA,Chrysobalanaceae,Cuatrec.,species
Licania,nervifina,LICANE,Chrysobalanaceae,,genus
Licania,opaca,LICAOP,Chrysobalanaceae,,genus
Licania,pablo,LICAPA,Chrysobalanaceae,,genus
Licania,reticulata,LICARE,Chrysobalanaceae,Prance,species
Licania,urceolaris,LICAUR,Chrysobalanaceae,Hook. f.,species
Licania,zigzag,LICAZI,Chrysobalanaceae,,genus
Licaria,brillacuspi,LICRBR,Lauraceae,,genus
Licaria,cannella,LICRCA,Lauraceae,(Meisn.) Kosterm.,species
Licaria,chiquita,ZZLACQ,Lauraceae,,genus
Licaria,guianensis,LICRGU,Lauraceae,Aubl.,species
Licaria,oppretic,CINNOP,Lauraceae,,genus
Lindackeria,paludosa,LINDPA,Achariaceae,(Benth.) Gilg,species
Lonchocarpus,seorsus,LONCSE,Fabaceae,"(J.F.Macbr.) M. Sousa ex D.A. Neill, Kl",species
Loreya,klugii,LOREKL,Melastomataceae,S.S. Renner,species
Loreya,spruceana,LORESP,Melastomataceae,Benth. ex Triana,species
Lozania,klugii,LOZAKL,Lacistemataceae,(Mansf.) Mansf.,species
Lunania,parviflora,LUNAPA,Salicaceae,Spruce ex Benth.,species
Mabea,comun,MABECO,Euphorbiaceae,,genus
Mabea,superbrondu,MABESU,Euphorbiaceae,,genus
Machaerium,aristulatum,MACHAR,Fabaceae,(Spruce ex Benth.) Ducke,species
Machaerium,finiparalel,MACHFI,Fabaceae,,genus
Macrocnemum,roseum,MACNRO,Rubiaceae,(Ruiz & Pav.) Wedd.,species
Macrolobium,angustifolium,MACRAN,Fabaceae,(Benth.) R.S. Cowan,species
Macrolobium,archeri,MACRAR,Fabaceae,R.S. Cowan,species
Macrolobium,colombianum,MACRCO,Fabaceae,(Britton & Killip) Killip ex L. Uribe,species
Macrolobium,stenocladum,MACRST,Fabaceae,Harms,species
Macrolobium,yasuni,MACRYA,Fabaceae,,genus
Magnolia,equatorialis,TALAOV,Magnoliaceae,A. V zquez,species
Magnolia,rimachii,TALATY,Magnoliaceae,(Lozano) Govaerts,species
Maquira,calophylla,MAQUCA,Moraceae,(Poepp. & Endl.) C.C. Berg,species
Maquira,guianensis,MAQUGU,Moraceae,Aubl.,species
Margaritaria,nobilis,MARGNO,Phyllanthaceae,L. f.,species
Margaritaria,roja,MARGRO,Phyllanthaceae,,genus
Margaritopsis,boliviana,MARTBO,Rubiaceae,(Standl.) C.M. Taylor,species
Marila,comun,MARICO,Calophyllaceae,,genus
Marila,puntorojo,MARIPU,Calophyllaceae,,genus
Marmaroxylon,basijugum,MARMBA,Fabaceae,(Ducke) L. Rico,species
Matayba,ocho,MATAOC,Sapindaceae,,genus
Matisia,bracteolosa,MATIBR,Malvaceae,Ducke,species
Matisia,cordata,MATICO,Malvaceae,Bonpl.,species
Matisia,huallagensis,MATILO,Malvaceae,Cuatrec,species
Matisia,malacocalyx,MATIMA,Malvaceae,(Robyns & Nilsson) Alverson,species
Matisia,obliquifolia,MATIOQ,Malvaceae,Standl.,species
Matisia,oblongifolia,MATIOB,Malvaceae,Poepp. & Endl.,species
Mauritia,flexuosa,MAURFL,Arecaceae,L. f.,species
Mayna,anelio,MAYNAN,Achariaceae,,genus
Mayna,odorata,MAYNOD,Achariaceae,Aubl.,species
Maytenus,ala,MAYTAL,Celastraceae,,genus
Maytenus,cilindrica,MAYTCI,Celastraceae,,genus
Maytenus,cuadliso,MAYTCU,Celastraceae,,genus
Melicoccus,novogranatensis,MELCNG,Sapindaceae,Acev.-Rodr.,species
Meliosma,doly,MELIDO,Sabiaceae,,genus
Meliosma,polyneura,MELIPO,Sabiaceae,A.H. Gentry,species
Meliosma,vasquezii,MELIVA,Sabiaceae,A.H. Gentry,species
Memora,cladotricha,MEMOCL,Bignoniaceae,Sandwith,species
Mezilaurus,extendido,MEZIEX,Lauraceae,,genus
Mezilaurus,triunca,MEZITR,Lauraceae,van der Werff,species
Miconia,abbreviata,MICOAB,Melastomataceae,Markgr.,species
Miconia,acutipetala,MICOAC,Melastomataceae,Sprague,species
Miconia,ampla,MICOAM,Melastomataceae,Triana,species
Miconia,atenunodu,MICOAT,Melastomataceae,,genus
Miconia,aurea,MICORB,Melastomataceae,(D. Don) Naudin,species
Miconia,aureoides,MICOAU,Melastomataceae,Cogn.,species
Miconia,bubalina,MICOBU,Melastomataceae,(D. Don) Naudin,species
Miconia,centrodesma,MICOCE,Melastomataceae,Naudin,species
Miconia,chocofres,MICOCH,Melastomataceae,,genus
Miconia,corine,MICOCO,Melastomataceae,,genus
Miconia,crasarb,MICOCR,Melastomataceae,,genus
Miconia,decurrens,MICODE,Melastomataceae,Cogn.,species
Miconia,egensis,MICOEG,Melastomataceae,Cogn.,species
Miconia,elata,MICOEL,Melastomataceae,(Sw.) DC.,species
Miconia,elatita,MICOET,Melastomataceae,,genus
Miconia,falsarug,MICOFA,Melastomataceae,,genus
Miconia,fosteri,MICOFO,Melastomataceae,Wurdack,species
Miconia,grancordata,MICOGC,Melastomataceae,,genus
Miconia,grandifolia,MICOGR,Melastomataceae,Ule,species
Miconia,karina,MICOKA,Melastomataceae,,genus
Miconia,klugii,MICOKL,Melastomataceae,H. A. Gleason,species
Miconia,lamprophylla,MICOLA,Melastomataceae,Triana,species
Miconia,lateriflora,MICOLT,Melastomataceae,Cogn.,species
Miconia,lugonis,MICOLU,Melastomataceae,Wurdack,species
Miconia,matthaei,MICOMA,Melastomataceae,Naudin,species
Miconia,medglauca,MICOME,Melastomataceae,,genus
Miconia,multispicata,MICOMU,Melastomataceae,Naudin,species
Miconia,napoana,MICONA,Melastomataceae,Wurdack,species
Miconia,nerviblanco,MICONE,Melastomataceae,,genus
Miconia,nervosa,MICONV,Melastomataceae,(Sm.) Triana,species
Miconia,peqdorada,MICOPE,Melastomataceae,,genus
Miconia,pilgeriana,MICOPI,Melastomataceae,Ule,species
Miconia,poeppigii,MICOPO,Melastomataceae,Triana,species
Miconia,prasina,MICOPR,Melastomataceae,(Sw.) DC.,species
Miconia,pterocaulon,MICOPT,Melastomataceae,Triana,species
Miconia,purpono,MICOPU,Melastomataceae,,genus
Miconia,rugosa,MICORU,Melastomataceae,Triana,species
Miconia,sachapurp,MICOSA,Melastomataceae,,genus
Miconia,schunkei,MICOSC,Melastomataceae,Wurdack,species
Miconia,smaragdina,MICOSM,Melastomataceae,Naudin,species
Miconia,tipica,MICOTI,Melastomataceae,,genus
Miconia,tomentosa,MICOTO,Melastomataceae,(Rich.) D. Don ex DC.,species
Miconia,trinervia,MICOTN,Melastomataceae,(Sw.) D. Don ex Loudon,species
Miconia,triplinervis,MICOTR,Melastomataceae,Ruiz & Pav.,species
Miconia,zubenetana,MICOZU,Melastomataceae,J.F. Macbr.,species
Micropholis,brochidodroma,MICRBR,Sapotaceae,T.D. Penn.,species
Micropholis,dorada,MICRDO,Sapotaceae,,genus
Micropholis,egensis,MICREG,Sapotaceae,(A. DC.) Pierre,species
Micropholis,guyanensis,MICRDU,Sapotaceae,(A.DC.) Pierre,species
Micropholis,venulosa,MICRVE,Sapotaceae,(Mart. & Eichler) Pierre,species
Minquartia,guianensis,MINQGU,Olacaceae,Aubl.,species
Mollia,gracilis,MOLIGR,Malvaceae,Spruce ex Benth.,species
Mollinedia,killipii,MOLLKI,Monimiaceae,J.F. Macbr.,species
Mollinedia,rojimpreso,MOLLRO,Monimiaceae,,genus
Mollinedia,spinilarga,MOLLSP,Monimiaceae,,genus
Mollinedia,tomentosa,MOLLTO,Monimiaceae,(Benth.) Tul.,species
Mollinedia,tridentata,MOLLTR,Monimiaceae,Schonfelder,species
Moronobea,pablo,MOROPA,Clusiaceae,,genus
Mouriri,acutiflora,MOURAC,Melastomataceae,Naudin,species
Mouriri,grancoala,MOURGC,Melastomataceae,,genus
Mouriri,grandiflora,MOURGR,Melastomataceae,DC.,species
Mouriri,intermedia,MOURIN,Melastomataceae,,genus
Mouriri,myrtilloides,MOURMY,Melastomataceae,(Sw.) Poir.,species
Myrcia,blancanueva,MYRCBL,Myrtaceae,,genus
Myrcia,nitida,MYRCNI,Myrtaceae,,genus
Myrcia,pielizard,MYRCPI,Myrtaceae,,genus
Myrcia,platatomen,MYRCPL,Myrtaceae,,genus
Myrcia,pseudonitida,MYRCPS,Myrtaceae,,genus
Myrcia,splendens,MYRCSP,Myrtaceae,(Sw.) DC.,species
Myrcia,splendens2,MYRCS2,Myrtaceae,,genus
Myrcia,verticillata,MYRCVE,Myrtaceae,M. L. Kawasaki & B. K. Holst,species
Myrciaria,amazonica,MYRRAM,Myrtaceae,O. Berg in Mart.,species
Myrciaria,floribunda,MYRRFL,Myrtaceae,(H. West ex Willd.) O. Berg,species
Myrciaria,intermed,MYRRIN,Myrtaceae,,genus
Myrciaria,racemosa,PLINCO,Myrtaceae,M.L. Kawas.,species
Myroxylon,balsamum,MYROBA,Fabaceae,(L.) Harms,species
Naucleopsis,glabra,NAUCGL,Moraceae,Spruce ex Pittier,species
Naucleopsis,intermed,NAUCIN,Moraceae,,genus
Naucleopsis,krukovii,NAUCKR,Moraceae,(Standl.) C.C. Berg,species
Naucleopsis,ulei,NAUCUL,Moraceae,(Warb.) Ducke,species
Nectandra,acuminata,NECTAC,Lauraceae,(Nees & C. Mart.) J.F. Macbr.,species
Nectandra,granimpreso,NECTGR,Lauraceae,,genus
Nectandra,largibrachi,NECTLA,Lauraceae,,genus
Nectandra,lineata,NECTLI,Lauraceae,(Kunth) Rohwer,species
Nectandra,membranacea,NECTME,Lauraceae,(Sw.) Griseb.,species
Nectandra,microcarpa,NECTMI,Lauraceae,Meisn. in A. DC.,species
Nectandra,oppositifolia,NECTOP,Lauraceae,Nees & Mart.,species
Nectandra,pearcei,NECTPE,Lauraceae,,genus
Nectandra,skinnyret,NECTSK,Lauraceae,,genus
Nectandra,viburnoides,NECTVI,Lauraceae,Meisn. in A. DC.,species
Neea,altomini,NEEAAL,Nyctaginaceae,,genus
Neea,angostintersec,NEEAAG,Nyctaginaceae,,genus
Neea,aniboid,NEEAAN,Nyctaginaceae,,genus
Neea,bajio,NEEABA,Nyctaginaceae,,genus
Neea,claudia,NEEACL,Nyctaginaceae,,genus
Neea,comun,NEEACO,Nyctaginaceae,,genus
Neea,daniela,NEEADA,Nyctaginaceae,,genus
Neea,fuzzy,NEEAFU,Nyctaginaceae,,genus
Neea,garci,NEEAGA,Nyctaginaceae,,genus
Neea,gigante,NEEAGI,Nyctaginaceae,,genus
Neea,granredonda,NEEAGR,Nyctaginaceae,,genus
Neea,micro,NEEAMC,Nyctaginaceae,,genus
Neea,mini,NEEAMI,Nyctaginaceae,,genus
Neea,paty,NEEAPA,Nyctaginaceae,,genus
Neea,popular,NEEAPO,Nyctaginaceae,,genus
Neea,supercrasa,NEEASU,Nyctaginaceae,,genus
Neea,verdeclara,NEEAVC,Nyctaginaceae,,genus
Neea,verdeseca,NEEAVE,Nyctaginaceae,,genus
Neosprucea,grandiflora,NEOSGR,Salicaceae,(Spruce ex Benth.) Sleumer,species
Notopleura,macrophylla,NOTOMA,Rubiaceae,(Ruiz & Pav.) C.M. Taylor,species
Ochroma,pyramidale,OCHRPY,Malvaceae,(Cav. ex Lam.) Urb.,species
Ocotea,alamembra,OCOTAL,Lauraceae,,genus
Ocotea,argyrophylla,OCOTAR,Lauraceae,Ducke,species
Ocotea,bayelshmi,OCOTBA,Lauraceae,,genus
Ocotea,bofo,OCOTBO,Lauraceae,Kunth,species
Ocotea,cernua,OCOTCE,Lauraceae,(Nees) Mez,species
Ocotea,cujumary,OCOTCH,Lauraceae,Mart.,species
Ocotea,floribunda,OCOTFL,Lauraceae,(Sw.) Mez,species
Ocotea,javitensis,OCOTJA,Lauraceae,(Kunth) Pittier,species
Ocotea,laurita,OCOTLA,Lauraceae,,genus
Ocotea,leucoxylon,OCOTLE,Lauraceae,(Sw.) Laness.,species
Ocotea,longifolia,OCOTLO,Lauraceae,Kunth,species
Ocotea,luis,OCOTLU,Lauraceae,,genus
Ocotea,membraobov,OCOTME,Lauraceae,,genus
Ocotea,nervijens,OCOTNE,Lauraceae,,genus
Ocotea,oblonga,OCOTOB,Lauraceae,(Meisn.) Mez,species
Ocotea,quixos,OCOTQU,Lauraceae,(Lam.) Kosterm.,species
Ocotea,scalariformis,OCOTSC,Lauraceae,van der Werff,species
Ocotea,ucayalensis,OCOTUC,Lauraceae,O. Schmidt,species
Oenocarpus,bataua,OENOBA,Arecaceae,Mart.,species
Oenocarpus,mapora,OENOMA,Arecaceae,H. Karst.,species
Ophiocaryon,heterophyllum,OPHIHE,Sabiaceae,(Benth.) Urb.,species
Ormosia,amazonica,ORMOAM,Fabaceae,Ducke,species
Ormosia,elata,ORMOEL,Fabaceae,Rudd,species
Ormosia,paraensis,ORMOPA,Fabaceae,Ducke,species
Ossaea,boliviensis,OSSABO,Melastomataceae,(Cogn.) Gleason,species
Ossaea,cucullata,OSSACU,Melastomataceae,Gleason,species
Otoba,glycycarpa,OTOBGL,Myristicaceae,(Ducke) W.A. Rodrigues & T.S. Jaramillo,species
Ouratea,flaquita,OURAFL,Ochnaceae,,genus
Oxandra,mediocris,OXANME,Annonaceae,Diels,species
Oxandra,riedeliana,OXANRI,Annonaceae,R.E. Fr.,species
Pachira,insignis,PACHIN,Malvaceae,(Sw.) Sw. ex Savigny,species
Pachira,punga-schunkei,PACHPU,Malvaceae,Fern. Alonso,species
Palicourea,grandiflora,PALIGR,Rubiaceae,(Kunth) Standl.,species
Palicourea,guianensis,PALIGU,Rubiaceae,Aubl.,species
Palicourea,lasiantha,PALILA,Rubiaceae,K. Krause,species
Palicourea,nigricans,PALINI,Rubiaceae,Krause,species
Palicourea,subspicata,PALISB,Rubiaceae,Huber,species
Paradrypetes,subintegrifolia,PARASU,Rhizophoraceae,G.A. Levin,species
Parinari,klugii,PARIKL,Chrysobalanaceae,Prance,species
Parkia,balslevii,PARKBA,Fabaceae,H.C. Hopkins,species
Parkia,multijuga,PARKMU,Fabaceae,Benth.,species
Parkia,nitida,PARKNI,Fabaceae,Miq.,species
Parkia,velutina,PARKVE,Fabaceae,Benoist,species
Patinoa,paraensis,PATIPA,Malvaceae,(Huber) Cuatrec.,species
Paullinia,xestophylla,PAULXE,Sapindaceae,Radlk.,species
Pausandra,trianae,PAUSTR,Euphorbiaceae,(M ll. Arg.) Baill.,species
Pentagonia,amazonica,PENTPA,Rubiaceae,(Ducke) L. Andersson & Rova,species
Pentagonia,spathicalyx,PENTWU,Rubiaceae,K. Schum,species
Pentagonia,subauric,PENTSU,Rubiaceae,,genus
Pentaplaris,huaoranica,PENPHU,Malvaceae,Dorr & C. Bayer,species
Pera,bicolor,PERABI,Euphorbiaceae,(Klotzsch) M ll. Arg.,species
Pera,duguet,PERADU,Euphorbiaceae,,genus
Perebea,angustifolia,PEREAN,Moraceae,(Poepp. & Endl.) C.C. Berg,species
Perebea,guianensis,PEREGU,Moraceae,Aubl.,species
Perebea,mollis,PEREMO,Moraceae,(Poepp. & Endl.) Huber,species
Perebea,tessmannii,PERETE,Moraceae,Mildbr.,species
Perebea,xanthochyma,PEREXA,Moraceae,H. Karst.,species
Persea,areolatocostae,PERSAR,Lauraceae,(Allen) van der Werff,species
Persea,persemed,PERSPE,Lauraceae,,genus
Persea,pseudofascicula,PERSPS,Lauraceae,Kopp,species
Phyllanthus,attenuatus,PHYLAT,Phyllanthaceae,Miq.,species
Phyllanthus,micro,PHYLMI,Phyllanthaceae,,genus
Phytelephas,tenuicaulis,PHYTTE,Arecaceae,(Barfod) An. Hend.,species
Picramnia,juniniana,PICRJU,Picramniaceae,J.F. Macbr.,species
Picramnia,magnifolia,PICRMA,Picramniaceae,J.F. Macbr.,species
Picramnia,mini,PICRMI,Picramniaceae,,genus
Picramnia,pubibul,PICRPB,Picramniaceae,,genus
Picramnia,pubirecta,PICRPU,Picramniaceae,,genus
Picramnia,sellowii,PICRSE,Picramniaceae,Planch.,species
Piper,aequale,PIPEAE,Piperaceae,Vahl,species
Piper,albert-smithii,PIPEAL,Piperaceae,Trel. & Yunck.,species
Piper,arboreum,PIPEAR,Piperaceae,Aubl.,species
Piper,augustum,PIPEAU,Piperaceae,Rudge,species
Piper,bellidi,PIPEBE,Piperaceae,,genus
Piper,bellidifolium,PIPEBF,Piperaceae,Yunck.,species
Piper,bulada,PIPEBU,Piperaceae,,genus
Piper,cordipub,PIPECO,Piperaceae,,genus
Piper,crassinervium,PIPECR,Piperaceae,Kunth,species
Piper,darkcrasa,PIPEDA,Piperaceae,,genus
Piper,fuzicort,PIPEFU,Piperaceae,,genus
Piper,granmini,PIPEGR,Piperaceae,,genus
Piper,hispidum,PIPESC,Piperaceae,Sw.,species
Piper,immutatum,PIPEIM,Piperaceae,Trel.,species
Piper,lija,PIPELI,Piperaceae,,genus
Piper,macrophyllum,PIPEMA,Piperaceae,Sw.,species
Piper,maranyonense,PIPEMY,Piperaceae,Trel.,species
Piper,minibroqui,PIPEMI,Piperaceae,,genus
Piper,minicord,PIPEMN,Piperaceae,,genus
Piper,musteum,PIPEMU,Piperaceae,Trel.,species
Piper,nervi,PIPENE,Piperaceae,,genus
Piper,nerviglabra,PIPENG,Piperaceae,,genus
Piper,obchic,PIPEOC,Piperaceae,,genus
Piper,obglab,PIPEOG,Piperaceae,,genus
Piper,obnervi,PIPEON,Piperaceae,,genus
Piper,obtomen,PIPEOT,Piperaceae,,genus
Piper,obvil,PIPEOV,Piperaceae,,genus
Piper,pubescens,PIPEPU,Piperaceae,,genus
Piper,renato,PIPERE,Piperaceae,,genus
Piper,reticulatum,PIPERT,Piperaceae,L.,species
Piper,scandent,PIPESD,Piperaceae,,genus
Piper,scutilimbum,PIPEST,Piperaceae,C. DC.,species
Piper,sesivil,PIPESE,Piperaceae,,genus
Piptadenia,pteroclada,PIPTPT,Fabaceae,Benth.,species
Platymiscium,pinnatum,PLATPI,Fabaceae,(Jacq.) Dugand,species
Platymiscium,stipulare,PLATST,Fabaceae,Benth.,species
Pleurothyrium,bifidum,PLEUBI,Lauraceae,Nees,species
Pleurothyrium,cinereum,PLEUCI,Lauraceae,van der Werff,species
Pleurothyrium,cordata,PLEUCO,Lauraceae,,genus
Pleurothyrium,cuneifolium,PLEUCU,Lauraceae,Nees,species
Pleurothyrium,glabrifolium,PLEUGL,Lauraceae,van der Werff,species
Pleurothyrium,insigne,PLEUIN,Lauraceae,van der Werff,species
Plinia,pseudomouriri,PLINPS,Myrtaceae,,genus
Plinia,unop,PLINUN,Myrtaceae,,genus
Plinia,yasuniana,PLINCA,Myrtaceae,M.L. Kawas. & A.J. P rez,species
Pollalesta,discolor,POLLDI,Asteraceae,(Kunth) Aristeg.,species
Posoqueria,latifolia,POSOLA,Rubiaceae,(Rudge) Roem. & Schult.,species
Posoqueria,longiflora,POSOLO,Rubiaceae,Aubl.,species
Potalia,resinifera,POTARE,Loganiaceae,Mart.,species
Poulsenia,armata,POULAR,Moraceae,(Miq.) Standl.,species
Pourouma,bicolor,POURBI,Urticaceae,Mart.,species
Pourouma,deeplob,POURDE,Urticaceae,,genus
Pourouma,guianensis,POURGU,Urticaceae,Aubl.,species
Pourouma,medioarco,POURME,Urticaceae,,genus
Pourouma,minor,POURMI,Urticaceae,Benoist,species
Pourouma,napoensis,POURNA,Urticaceae,C.C. Berg,species
Pourouma,tomentosa,POURTO,Urticaceae,Mart. ex Miq. in Mart.,species
Pouteria,anchalisa,POUTAN,Sapotaceae,,genus
Pouteria,angostaloopy,POUTAP,Sapotaceae,,genus
Pouteria,baehniana,POUTBA,Sapotaceae,Monach.,species
Pouteria,bilocularis,POUTBI,Sapotaceae,(H. Winkl.) Baehni,species
Pouteria,caimito,POUTCA,Sapotaceae,(Ruiz & Pav.) Radlk.,species
Pouteria,calistophylla,POUTCL,Sapotaceae,(Standl.) Baehni,species
Pouteria,cuspidata,POUTRB,Sapotaceae,(A. DC.) Baehni,species
Pouteria,doradagrande,POUTDO,Sapotaceae,,genus
Pouteria,durlandii,POUTDU,Sapotaceae,(Standl.) Baehni,species
Pouteria,glomerata,POUTGM,Sapotaceae,(Miq.) Radlk.,species
Pouteria,gracilis,POUTGR,Sapotaceae,T.D. Penn.,species
Pouteria,granopaca,POUTGO,Sapotaceae,,genus
Pouteria,guianensis,POUTGU,Sapotaceae,Aubl.,species
Pouteria,hispida,POUTAC,Sapotaceae,Eyma,species
Pouteria,krukovii,POUTKR,Sapotaceae,(A.C. Sm.) Baehni,species
Pouteria,largamembra,POUTLA,Sapotaceae,,genus
Pouteria,multiflora,POUTMU,Sapotaceae,(A. DC.) Eyma,species
Pouteria,nudipetala,POUTNU,Sapotaceae,T.D. Penn.,species
Pouteria,peciolote,POUTPE,Sapotaceae,,genus
Pouteria,platyphylla,POUTPL,Sapotaceae,(A.C. Sm.) Baehni,species
Pouteria,procera,POUTPR,Sapotaceae,(Mart.) T.D. Penn.,species
Pouteria,pseudorostrata,POUTSR,Sapotaceae,,genus
Pouteria,redondita,POUTRD,Sapotaceae,,genus
Pouteria,reticulata,POUTRE,Sapotaceae,(Engl.) Eyma,species
Pouteria,rostrata,POUTRO,Sapotaceae,(Huber) Baehni,species
Pouteria,smedobov,POUTSM,Sapotaceae,,genus
Pouteria,torta,POUTTU,Sapotaceae,(Mart.) Radlk.,species
Pouteria,tortachica,POUTTO,Sapotaceae,,genus
Pouteria,tortachicorden,POUTTC,Sapotaceae,,genus
Pouteria,trilocularis,POUTTR,Sapotaceae,Cronquist,species
Pouteria,vernicosa,POUTVE,Sapotaceae,T.D. Penn.,species
Pradosia,atroviolacea,PRADAT,Sapotaceae,Ducke,species
Preslianthus,detonsus,CAPPDE,Capparaceae,(Triana & Planch.) Iltis & Cornejo,species
Prestoea,schultzeana,PRESSC,Arecaceae,(Burret) H.E. Moore,species
Protium,amazonicum,PROTAM,Burseraceae,(Cuatrec.) Daly,species
Protium,aracouchini,PROTAR,Burseraceae,(Aubl.) Marchand,species
Protium,brillanodu,PROTBR,Burseraceae,,genus
Protium,glabrescens,PROTGL,Burseraceae,Swart,species
Protium,grannodu,PROTGR,Burseraceae,,genus
Protium,guianense,PROTGU,Burseraceae,(Aubl.) Marchand,species
Protium,nodulosum,PROTNO,Burseraceae,Swart,species
Protium,sagotianum,PROTSA,Burseraceae,Marchand,species
Protium,trifoliolatum,PROTTR,Burseraceae,Engl. in Mart.,species
Protium,unifoliolatum,PROTUN,Burseraceae,Engl.,species
Prunus,debilis,PRUNDE,Rosaceae,Koehne,species
Pseudolmedia,laevigata,PSEULA,Moraceae,Tr cul,species
Pseudolmedia,laevis,PSEULS,Moraceae,(Ruiz & Pav.) J.F. Macbr.,species
Pseudolmedia,macrophylla,PSEUMA,Moraceae,Tr cul,species
Pseudolmedia,rigida,PSEURI,Moraceae,((Klotzsch & H. Karst.) Cuatrec.,species
Pseudomalmea,diclina,PSEDDI,Annonaceae,(R.E. Fr.) Chatrou,species
Pseudopiptadenia,suaveolens,PSEPSU,Fabaceae,(Miq.) J.W. Grimes,species
Psychotria,alba,PSYCME,Rubiaceae,Ruiz & Pav.,species
Psychotria,caerulea,PSYCCA,Rubiaceae,Ruiz & Pav.,species
Psychotria,dracula,PSYCDR,Rubiaceae,,genus
Psychotria,gracilenta,PSYCBR,Rubiaceae,M ll. Arg.,species
Psychotria,hoffmannseggian,PSYCHO,Rubiaceae,(Willd. ex Roem. & Schult.) M ll. Arg.,species
Psychotria,huampamiensis,PSYCHU,Rubiaceae,C.M. Taylor,species
Psychotria,margarita,PSYCMA,Rubiaceae,,genus
Psychotria,microbotrys,PSYCMI,Rubiaceae,Ruiz ex standl.,species
Psychotria,ostreophora,PSYCOS,Rubiaceae,(Wernham) C.M. Taylor,species
Psychotria,paniculata,PSYCDE,Rubiaceae,(Aubl.) Raeusch.,species
Psychotria,poeppigiana,PSYCPO,Rubiaceae,M ll. Arg.,species
Psychotria,remota,PSYCRE,Rubiaceae,Benth.,species
Psychotria,romolerouxiana,PSYCON,Rubiaceae,C.M. Taylor,species
Psychotria,sacciformis,PSYCBO,Rubiaceae,C.M. Taylor,species
Psychotria,stenostachya,PSYCST,Rubiaceae,Standl.,species
Psychotria,stipudent,PSYCSD,Rubiaceae,,genus
Psychotria,tenuifolia,PSYCRO,Rubiaceae,Sw.,species
Psychotria,viridis,PSYCVI,Rubiaceae,Ruiz & Pav.,species
Pterocarpus,brillafuzzy,ZZFABR,Fabaceae,,genus
Pterocarpus,rohrii,PTERRH,Fabaceae,Vahl,species
Qualea,paraensis,QUALPA,Vochysiaceae,Ducke,species
Quararibea,amazonica,QUARAM,Malvaceae,Ulbr.,species
Quararibea,guianensis,QUARGU,Malvaceae,Aubl.,species
Quararibea,sesiblanca,QUARSE,Malvaceae,,genus
Quararibea,wittii,QUARWI,Malvaceae,K. Schum. & Ulbr.,species
Quiina,florida,QUIIFL,Ochnaceae,Tul.,species
Quiina,grande,QUIIGR,Ochnaceae,,genus
Quiina,grandifolia,QUIIGO,Ochnaceae,Mildbr.,species
Quiina,mediana,QUIIMD,Ochnaceae,,genus
Randia,armata,RANDGO,Rubiaceae,(Sw.) DC.,species
Randia,bigfuzzy,RANDBI,Rubiaceae,,genus
Randia,manolo,RANDMA,Rubiaceae,,genus
Randia,stipuloscabra,DUROES,Rubiaceae,,genus
Rauvolfia,praecox,RAUVPR,Apocynaceae,K. Schum. ex Markgr.,species
Rhamnidium,elaeocarpum,RHAMEL,Rhamnaceae,Reissek,species
Rhodostemonodaphne,granbrillacuspi,ZZLAGB,Lauraceae,,genus
Rhodostemonodaphne,juruensis,RHODJU,Lauraceae,(A.C. Sm.) Chanderbali,species
Rhodostemonodaphne,kunthiana,RHODKU,Lauraceae,(Nees) Rohwer,species
Rhodostemonodaphne,licanioides,RHODLI,Lauraceae,(A.C. Sm.) Madri  n,species
Rhodostemonodaphne,sordida,RHODSO,Lauraceae,Madri  n,species
Richeria,racemosa,RICHRA,Phyllanthaceae,(M ll. Arg.) M ll. Arg.Pax & K. Hoffm.,species
Rinorea,apiculata,RINOAP,Violaceae,Hekking,species
Rinorea,lindeniana,RINOLI,Violaceae,(Tul.) Kuntze,species
Rinorea,viridifolia,RINOVI,Violaceae,Rusby,species
Roupala,montana,ROUPMO,Proteaceae,Aubl.,species
Ruagea,insignis,RUAGIN,Meliaceae,(C. DC.) T.D. Penn.,species
Rudgea,bracteata,RUDGBR,Rubiaceae,J.H. Kirkbr.,species
Rudgea,fina,RUDGFI,Rubiaceae,,genus
Rudgea,japurensis,RUDGJA,Rubiaceae,M ll. Arg.,species
Rudgea,nodincho,RUDGNO,Rubiaceae,,genus
Ruizodendron,ovale,RUIZOV,Annonaceae,(Ruiz & Pav.) R.E. Fr.,species
Ryania,speciosa,RYANSP,Salicaceae,Vahl,species
Sagotia,racemosa,SAGORA,Euphorbiaceae,Baill.,species
Salacia,arbol,SALAAR,Celastraceae,,genus
Salacia,atenucrasa,SALAAT,Celastraceae,,genus
Salacia,macrantha,SALAMA,Celastraceae,A.C. Sm.,species
Salacia,ovalo,ZZHIOL,Celastraceae,,genus
Sanchezia,longiflora,SANCLO,Acanthaceae,(Hook.) Hook. f. ex Planch.,species
Sapium,largident,SAPILA,Euphorbiaceae,,genus
Sapium,primero,SAPIPR,Euphorbiaceae,,genus
Sapium,redonda,SAPIRE,Euphorbiaceae,,genus
Sarcaulus,brasiliensis,SARCBR,Sapotaceae,(A. DC.) Eyma,species
Sarcaulus,peloscostimpres,SARCPE,Sapotaceae,,genus
Sarcaulus,romolerouxii,SARCRO,Sapotaceae,,genus
Sarcaulus,vestitus,SARCVE,Sapotaceae,(Baehni) T.D. Penn.,species
Schefflera,morototoni,SCHEMO,Araliaceae,"(Aubl.) Maguire, Stey. & Frod.",species
Schizolobium,parahyba,SCHIPA,Fabaceae,(Vell.) S.F. Blake,species
Schoenobiblus,peruvianus,SCHOPO,Thymelaeaceae,Standl.,species
Schoepfia,lucida,SCHPLU,Schoepfiaceae,Pulle,species
Senna,bacillaris,SENNBA,Fabaceae,(L. f.) H.S. Irwin & Barneby,species
Senna,macrophylla,SENNMA,Fabaceae,(Kunth) H.S. Irwin & Barneby,species
Senna,trolliiflora,SENNTR,Fabaceae,H.S. Irwin & Barneby,species
Simaba,orinocensis,SIMAOR,Simaroubaceae,Kunth,species
Simaba,paraensis,SIMAPA,Simaroubaceae,Ducke,species
Simaba,polyphylla,SIMAPO,Simaroubaceae,(Cavalcante) W.W. Thomas,species
Simarouba,amara,SIMRAM,Simaroubaceae,Aubl.,species
Simira,cordifolia,SIMICO,Rubiaceae,(Hook. f.) Steyerm.,species
Simira,rubescens,SIMIRU,Rubiaceae,(Benth.) Bremek. ex Steyerm.,species
Siparuna,angostadiente,SIPAAN,Siparunaceae,,genus
Siparuna,bigll3A,SIPABI,Siparunaceae,,genus
Siparuna,cervicornis,SIPACE,Siparunaceae,Perkins,species
Siparuna,cuspidata,SIPACU,Siparunaceae,(Tul.) A. DC.,species
Siparuna,decipiens,SIPADE,Siparunaceae,(Tul.) A. DC.,species
Siparuna,grandiflora,SIPAGE,Siparunaceae,(Kunth) Perkins,species
Siparuna,macrotepala,SIPAMA,Siparunaceae,Perkins,species
Siparuna,poeppigii,SIPAPO,Siparunaceae,(Tul.) A. DC.,species
Siparuna,thecaphora,SIPATT,Siparunaceae,(Poepp. & Endl.) A. DC.,species
Sloanea,fragrans,SLOAFR,Elaeocarpaceae,Rusby,species
Sloanea,gigapulvi,SLOAGI,Elaeocarpaceae,,genus
Sloanea,granalargada,SLOAGR,Elaeocarpaceae,,genus
Sloanea,granredonda,SLOAGD,Elaeocarpaceae,,genus
Sloanea,guia,SLOAGU,Elaeocarpaceae,,genus
Sloanea,lace,SLOALE,Elaeocarpaceae,,genus
Sloanea,membramini,SLOAME,Elaeocarpaceae,,genus
Sloanea,nervi,SLOANE,Elaeocarpaceae,,genus
Sloanea,oak,SLOAOA,Elaeocarpaceae,,genus
Sloanea,oblonga,SLOAOG,Elaeocarpaceae,,genus
Sloanea,obtusifolia,SLOAOB,Elaeocarpaceae,(Moric.) Moric.K. Schum. in Mart.,species
Sloanea,oppd,SLOAOP,Elaeocarpaceae,,genus
Sloanea,pequrva,SLOAPE,Elaeocarpaceae,,genus
Sloanea,polvorojo,SLOAPO,Elaeocarpaceae,,genus
Sloanea,pubescens,SLOATO,Elaeocarpaceae,Benth.,species
Sloanea,robustipeq,SLOARO,Elaeocarpaceae,,genus
Sloanea,rufisessi,SLOARU,Elaeocarpaceae,,genus
Sloanea,synandra,SLOASY,Elaeocarpaceae,Spruce ex Benth.,species
Socratea,exorrhiza,SOCREX,Arecaceae,(Mart.) H. Wendl.,species
Solanum,altissimum,SOLAAL,Solanaceae,Ben tez,species
Solanum,calidum,CYPHPI,Solanaceae,Bohs,species
Solanum,grandiflorum,SOLAGD,Solanaceae,Ruiz & Pav.,species
Solanum,granmini,SOLAGR,Solanaceae,,genus
Solanum,lepidotum,SOLALP,Solanaceae,Dunal,species
Solanum,leptopodum,SOLALE,Solanaceae,Van Heurck & M ll. Arg.,species
Solanum,malletii,SOLAMA,Solanaceae,S. Knapp,species
Solanum,membra,CYPHME,Solanaceae,,genus
Solanum,sessile,SOLASE,Solanaceae,Ruiz & Pav.,species
Solanum,thelopodium,SOLATE,Solanaceae,Sendtn.,species
Sorocea,muriculata,SOROMU,Moraceae,Miq. in Mart.,species
Sorocea,pubivena,SOROPU,Moraceae,Hemsl.,species
Sorocea,steinbachii,SOROST,Moraceae,C.C. Berg,species
Sphinctanthus,maculatus,ZZRUNE,Rubiaceae,Spruce ex K. Schum.,species
Spondias,mombin,SPONMO,Anacardiaceae,L.,species
Sterculia,apeibophylla,STERAP,Malvaceae,Ducke,species
Sterculia,apetala,STERAT,Malvaceae,(Jacq.) H. Karst.,species
Sterculia,colombiana,STERCO,Malvaceae,Sprague,species
Sterculia,frondosa,STERFR,Malvaceae,Rich.,species
Sterculia,tessmannii,STERTE,Malvaceae,Mildbr.,species
Strychnos,darienensis,STRCDA,Loganiaceae,Seem.,species
Stryphnodendron,porcatum,STRYPO,Fabaceae,D.A. Neill & Occhioni f.,species
Stylogyne,longifolia,STYLLO,Primulaceae,(Mart. ex Miq.) Mez,species
Styrax,cordatus,STYRCO,Styracaceae,(Ruiz & Pav.) A. DC.,species
Styrax,guyanensis,STYRGU,Styracaceae,A. DC.,species
Swartzia,arborescens,SWARAR,Fabaceae,(Aubl.) Pittier,species
Swartzia,bombycina,SWARBO,Fabaceae,R.S. Cowan,species
Swartzia,calophylla,SWARSI,Fabaceae,Poepp.,species
Swartzia,cardiosperma,SWARCA,Fabaceae,Spruce ex Benth. in Mart.,species
Swartzia,multijuga,SWARMU,Fabaceae,Vogel,species
Swartzia,rosea,SWARBE,Fabaceae,Mart. ex Benth.,species
Symphonia,globulifera,SYMHGL,Clusiaceae,L. f.,species
Symplocos,arechea,SYMPAR,Symplocaceae,L'H r.,species
Tabebuia,ochracea,TABEOC,Bignoniaceae,(Cham.) Standl.,species
Tabebuia,serratifolia,TABESE,Bignoniaceae,(Vahl) G. Nicholson,species
Tabernaemontana,pequena,TABRPE,Apocynaceae,,genus
Tabernaemontana,sananho,TABRSA,Apocynaceae,Ruiz & Pav.,species
Tachigali,formicarum,TACHFO,Fabaceae,Harms,species
Tachigali,inconspicua,TACHPA,Fabaceae,van der Werff,species
Tachigali,paniculata,TACHPN,Fabaceae,Aubl.,species
Talisia,2-retic,TALIRE,Sapindaceae,,genus
Talisia,cerasina,TALICE,Sapindaceae,(Benth.) Radlk.,species
Talisia,gigapulvi,TALIGI,Sapindaceae,,genus
Talisia,pulvinote,TALIPU,Sapindaceae,,genus
Tapirira,guianensis,TAPIGU,Anacardiaceae,Aubl.,species
Tapirira,myriantha,TAPISA,Anacardiaceae,Triana & Planch.,species
Tapirira,obtusa,TAPIOB,Anacardiaceae,(Benth.) J.D. Mitch.,species
Tapura,juruana,TAPUJU,Dichapetalaceae,(Ule) Rizz.,species
Tapura,peruviana,TAPUPE,Dichapetalaceae,K. Krause,species
Terminalia,amazonia,TERMAM,Combretaceae,(J.F. Gmel.) Exell,species
Terminalia,axilpub,TERMAX,Combretaceae,,genus
Terminalia,oblonga,TERMOG,Combretaceae,(Ruiz & Pav.) Steud.,species
Tessmannianthus,heterostemon,TESSHE,Melastomataceae,Markgr.,species
Tetragastris,panamensis,TETGPA,Burseraceae,(Engl.) Kuntze,species
Tetrathylacium,macrophyllum,TETTMA,Salicaceae,Poepp. in Poepp. & Endl.,species
Tetrorchidium,macrophyllum,TETRMC,Euphorbiaceae,M ll. Arg.,species
Theobroma,speciosum,THEOSP,Malvaceae,Willd. ex Spreng.,species
Theobroma,subincanum,THEOSU,Malvaceae,Mart.,species
Thyrsodium,barniz,THYRBA,Anacardiaceae,,genus
Tococa,guianensis,TOCCGU,Melastomataceae,Aubl.,species
Tocoyena,williamsii,TOCOBU,Rubiaceae,Standl.,species
Tovomita,alargada,TOVOAL,Clusiaceae,,genus
Tovomita,grancrasa,TOVOGC,Clusiaceae,,genus
Tovomita,grande,TOVOGR,Clusiaceae,,genus
Tovomita,tyana,TOVOTY,Clusiaceae,,genus
Toxosiphon,trifoliatus,TOXITR,Rutaceae,(Pilg.) Kallunki,species
Trattinnickia,lancifolia,TRATLA,Burseraceae,(Cuatrec.) Daly,species
Trattinnickia,lawrancei,TRATAS,Burseraceae,(Standl.) Swart,species
Trattinnickia,pseudocedrela,TRATPS,Burseraceae,,genus
Trema,micrantha,TREMMI,Cannabaceae,(L.) Blume,species
Trichilia,adolfi,TRICAD,Meliaceae,Harms,species
Trichilia,cip,TRICCI,Meliaceae,,genus
Trichilia,densapunta,TRICDE,Meliaceae,,genus
Trichilia,elsae,TRICEL,Meliaceae,Harms in Engl. & Prantl,species
Trichilia,laxipaniculata,TRICLA,Meliaceae,Cuatrec.,species
Trichilia,maynasiana,TRICMA,Meliaceae,C. DC.,species
Trichilia,micrantha,TRICMI,Meliaceae,Benth.,species
Trichilia,miniraquis,TRICMN,Meliaceae,,genus
Trichilia,obovata,TRICOB,Meliaceae,W. Palacios,species
Trichilia,pallida,TRICPA,Meliaceae,Sw.,species
Trichilia,poeppigii,TRICPO,Meliaceae,C. DC.,species
Trichilia,quadrijuga,TRICQU,Meliaceae,Kunth,species
Trichilia,rubra,TRICRU,Meliaceae,C. DC.,species
Trichilia,septentrionalis,TRICSE,Meliaceae,C. DC.,species
Trichilia,solitudinis,TRICSO,Meliaceae,Harms,species
Trigynaea,triplinervis,TRIGTR,Annonaceae,D.M. Johnson & N.A. Murray,species
Triplaris,dugandii,TRIPDU,Polygonaceae,Brandbyge,species
Trymatococcus,amazonicus,TRYMAM,Moraceae,Poepp. & Endl.,species
Turpinia,occidentalis,TURPOC,Staphyleaceae,(Sw.) G. Don,species
Unidentified,alarganervi,ZZMEAL,Meliaceae,,family
Unidentified,amarillasper,ZZSAAM,Sapindaceae,,family
Unidentified,ampliovada,ZZRUAP,Rubiaceae,,family
Unidentified,atenumembra,ZZHIAT,Celastraceae,,family
Unidentified,bals,ZZLABL,Lauraceae,,family
Unidentified,bulondu,ZZMABU,Malpighiaceae,,family
Unidentified,chorongo,ZZLACR,Lauraceae,,family
Unidentified,cortezapeq,ZZMYCP,Myrtaceae,,family
Unidentified,diploglauco,ZZFADI,Fabaceae,,family
Unidentified,falsasalas,ZZMYFA,Myrtaceae,,family
Unidentified,furrycanela,ZZLAFU,Lauraceae,,family
Unidentified,granoscura,ZZMAGR,Malpighiaceae,,family
Unidentified,granverde,ZZLAGV,Lauraceae,,family
Unidentified,impresofalso,ZZLAIF,Lauraceae,,family
Unidentified,largoarco,ZZLALR,Lauraceae,,family
Unidentified,lisagroovy,ZZLALS,Lauraceae,,family
Unidentified,medpubinervi,ZZLAME,Lauraceae,,family
Unidentified,membrapelos,ZZMYMP,Myrtaceae,,family
Unidentified,miniopacangulo,ZZLAMO,Lauraceae,,family
Unidentified,myrtosco,ZZMAMY,Malpighiaceae,,family
Unidentified,ovni,ZZCOOV,Combretaceae,,family
Unidentified,pelonegro,ZZLAPO,Lauraceae,,family
Unidentified,prominsuave,ZZMYPR,Myrtaceae,,family
Unidentified,pseudoneoide,ZZRUPS,Rubiaceae,,family
Unidentified,rua,ZZSARU,Sapindaceae,,family
Unidentified,smedcheilo,ZZMYSD,Myrtaceae,,family
Unidentified,smedhipocrat,ZZMYSH,Myrtaceae,,family
Unidentified,smedpubicost,ZZMYSP,Myrtaceae,,family
Unidentified,talisiap,ZZPITA,Picramniaceae,,family
Unidentified,wilson,ZZRUWI,Rubiaceae,,family
Unidentified,Unidentified,UNIDEN,Unidentified,,Unidentified
Unonopsis,floribunda,UNONFL,Annonaceae,Diels,species
Unonopsis,veneficiorum,UNONVE,Annonaceae,(Mart.) R.E. Fr.,species
Urera,baccifera,URERBA,Urticaceae,(L.) Gaudich. ex Wedd.,species
Vantanea,guianensis,VANTGU,Humiriaceae,Aubl.,species
Vataireopsis,iglesiasii,VATAIG,Fabaceae,Ducke,species
Virola,dixonii,VIRODI,Myristicaceae,Little,species
Virola,duckei,VIRODU,Myristicaceae,A.C. Sm.,species
Virola,elongata,VIROEL,Myristicaceae,(Benth.) Warb.,species
Virola,flexuosa,VIROFL,Myristicaceae,A.C. Sm.,species
Virola,microfuzzy,VIROMI,Myristicaceae,,genus
Virola,mollissima,VIROMO,Myristicaceae,(Poepp. ex A. DC.) Warb.,species
Virola,multinervia,VIROMU,Myristicaceae,Ducke,species
Virola,obovata,VIROOB,Myristicaceae,Ducke,species
Virola,pavonis,VIROPA,Myristicaceae,( A.DC. ) A.C.Sm.,species
Virola,xx,VIROXX,Myristicaceae,,genus
Vismia,baccifera,VISMBA,Hypericaceae,(L.) Tr. & Pl.,species
Vismia,bosque,VISMBO,Hypericaceae,,genus
Vismia,floribunda,VISMFL,Hypericaceae,Sprague,species
Vismia,macrophylla,VISMMA,Hypericaceae,Kunth,species
Vismia,sprucei,VISMSP,Hypericaceae,Sprague,species
Vitex,schunkei,VITESC,Lamiaceae,Moldenke,species
Vitex,triflora,VITETR,Lamiaceae,Vahl,species
Vochysia,braceliniae,VOCHBR,Vochysiaceae,Standl.,species
Vochysia,grandis,VOCHGR,Vochysiaceae,Mart.,species
Vouarana,anomala,VOURAN,Sapindaceae,(Steyerm.) Acev.-Rodr.,species
Warszewiczia,coccinea,WARSCC,Rubiaceae,(Vahl) Klotzsch,species
Warszewiczia,cordata,WARSCO,Rubiaceae,Spruce ex K. Schum.,species
Wettinia,maynensis,WETTMA,Arecaceae,Spruce,species
Wittmackanthus,stanleyanus,WITTST,Rubiaceae,(R.H. Schomb.) Kuntze,species
Xylopia,cuspidata,XYLOCU,Annonaceae,Diels,species
Xylopia,sericea,XYLOLI,Annonaceae,A. St.-Hil.,species
Xylosma,glanredonda,XYLSGL,Salicaceae,,genus
Yasunia,sessiliflora,ZZLASU,Lauraceae,van der Werff,species
Zanthoxylum,brillante,ZANTBR,Rutaceae,,genus
Zanthoxylum,glanredonda,ZANTGL,Rutaceae,,genus
Zanthoxylum,margland,ZANTMA,Rutaceae,,genus
Zanthoxylum,nervi,ZANTNE,Rutaceae,,genus
Zanthoxylum,pendiente,ZANTPN,Rutaceae,,genus
Zanthoxylum,perp,ZANTPE,Rutaceae,,genus
Zanthoxylum,setulosum,ZANTSE,Rutaceae,P. Wilson,species
Zanthoxylum,suave,ZANTSU,Rutaceae,,genus
Ziziphus,cinnamomum,ZIZICI,Rhamnaceae,Triana & Planch.,species
Zygia,heteroneura,ZYGIHE,Fabaceae,Barneby & J.W. Grimes,species
Zygia,mediana,ZYGIME,Fabaceae,,genus
Zygia,pablo,ZYGIPA,Fabaceae,,genus